"""id"",""danceability"",""energy"",""key"",""loudness"",""mode"",""speechiness"",""acousticness"",""instrumentalness"",""liveness"",""valence"",""tempo"",""duration_ms"",""time_signature"",""Y€±l"",""Enerjisi"""
"1,""40cm17cgW3Ffkr2SmHNMeb"",0.542,0.533,5,-7.136,1,0.0323,0.361,0,0.124,0.225,88.042,179996,4,2018,""Low Enerjic"""
"2,""1qV7UjV9nmLEMnKZoUSrD1"",0.52,0.734,5,-6.279,0,0.036,0.0626,1.17e-05,0.138,0.471,129.941,178412,4,2018,""Low Enerjic"""
"3,""7dzV2cPLsWQ8BvXho1Pzn6"",0.78,0.608,5,-5.963,0,0.0443,0.0138,0,0.106,0.633,107.012,174696,4,2018,""Low Enerjic"""
"4,""1ftipPQVdQTDSqiPk79q6m"",0.315,0.569,9,-8.477,1,0.0559,0.169,5.37e-05,0.0744,0.171,146.08,399000,4,2018,""Low Enerjic"""
"5,""2KcRQQPvsPTlxrUEUCvrOf"",0.512,0.869,9,-3.268,0,0.0902,0.144,4e-06,0.113,0.532,101.716,245710,4,2018,""High Energic"""
"6,""0vdrd5UbWbO2LmhxUUt02r"",0.767,0.841,1,-3.939,1,0.0334,0.016,0.134,0.053,0.533,114.013,149285,4,2018,""Energic"""
"7,""3Mp0XNfNqor28A0TnbGXsX"",0.823,0.447,1,-7.548,1,0.0721,0.0862,0,0.0679,0.833,126.024,192857,4,2018,""Low Enerjic"""
"8,""2YBfE8dOGsNxZkMTgmM0l4"",0.538,0.588,2,-8.306,1,0.0338,0.359,5.2e-05,0.269,0.275,169.823,202235,4,2018,""Low Enerjic"""
"9,""33XCmHpWcIEeSNBgEDi4Mx"",0.695,0.58,2,-6.089,0,0.0275,0.38,0,0.0882,0.447,115.997,225252,4,2018,""Low Enerjic"""
"10,""2MxsoqrvownXSb8YtOOeYA"",0.391,0.323,7,-8.798,0,0.0842,0.922,0,0.151,0.242,172.83,202224,4,2018,""Low Enerjic"""
"11,""1RFY3NtNBkGQ8grHIEwnoC"",0.73,0.804,0,-5.609,1,0.252,0.204,0,0.129,0.495,99.935,194472,4,2018,""Energic"""
"12,""6eThtk3BSoZA8iFWGSrVlS"",0.531,0.461,7,-10.427,0,0.028,0.851,0.00772,0.103,0.28,102.716,219728,4,2018,""Low Enerjic"""
"13,""0sl8yoG3WdZQIrlaZVs3Dd"",0.344,0.498,5,-7.597,0,0.0437,0.0246,2.45e-05,0.127,0.349,177.795,251960,3,2018,""Low Enerjic"""
"14,""7ME79Wnl0N74NPVw4Nf2Wy"",0.753,0.559,11,-8.667,0,0.0382,0.166,0.0027,0.139,0.485,119.976,211136,4,2018,""Low Enerjic"""
"15,""6cAKeFFYW2aClZSUyvqAEW"",0.433,0.745,8,-4.632,1,0.0377,0.221,0,0.0981,0.588,95.472,193447,4,2018,""Low Enerjic"""
"16,""64v06aMByxJypLo1USwDVw"",0.73,0.392,1,-7.624,1,0.0311,0.883,0.000174,0.102,0.298,118.104,176647,4,2018,""Low Enerjic"""
"17,""0v2Gg1guMfTnqIX6k9iNOD"",0.557,0.876,11,-3.972,0,0.0375,0.157,0,0.217,0.516,99.993,181187,4,2018,""High Energic"""
"18,""6OWQbVInopRc4wMKNkgu32"",0.245,0.922,11,-3.909,0,0.0689,0.355,0,0.12,0.392,165.955,239667,4,2018,""High Energic"""
"19,""4ESdEiju6vyWINf2I7hcSw"",0.389,0.27,2,-10.26,1,0.0409,0.683,4.18e-06,0.114,0.339,179.7,234312,3,2018,""Low Enerjic"""
"20,""03UWnVctgEjWmDXP6b2wif"",0.664,0.709,7,-5.356,1,0.0731,0.0789,0,0.163,0.458,93.878,174000,4,2018,""Low Enerjic"""
"21,""6aDs8h4c0ks48O43xpplxF"",0.475,0.731,2,-5.252,1,0.0351,0.0104,0,0.205,0.544,201.975,197480,4,2018,""Low Enerjic"""
"22,""261JjqZxHunllvuzHlVzvS"",0.725,0.629,4,-4.573,1,0.047,0.38,0,0.135,0.295,118.025,210213,4,2018,""Low Enerjic"""
"23,""4ESm3nneZ4kWrbkt38TmRW"",0.725,0.63,1,-6.922,1,0.0349,0.451,3.53e-06,0.262,0.202,91.988,175526,4,2018,""Low Enerjic"""
"24,""36oQaDmxWaRxDR6kSdAQ6D"",0.75,0.733,7,-7.428,1,0.101,0.0271,0.000285,0.265,0.319,117.191,219418,4,2018,""Low Enerjic"""
"25,""2bYuLHNq0QxDcDCqPNAdwn"",0.547,0.816,5,-5.87,1,0.0536,0.000589,0.0382,0.072,0.44,156.128,229166,4,2018,""Energic"""
"26,""4A1hNHB82Ok9x2HksG21MJ"",0.616,0.354,2,-11.176,1,0.0577,0.555,0.000135,0.101,0.41,105.466,263102,4,2018,""Low Enerjic"""
"27,""4tEo4DqcTQX0NiVfn6RVYe"",0.479,0.902,8,-4.529,1,0.183,0.101,0.00509,0.272,0.15,96.085,223433,4,2018,""High Energic"""
"28,""2JPPX3j728SGiZJUwbNLR8"",0.742,0.48,11,-6.917,0,0.0311,0.812,0,0.212,0.419,104.046,211947,4,2018,""Low Enerjic"""
"29,""0wvNG4mbKIQkxQNnp8XwcV"",0.558,0.769,9,-7.492,0,0.0444,0.221,0,0.0875,0.234,87.995,177273,4,2018,""Energic"""
"30,""2yTehLNpqCdJcdF1562kBh"",0.678,0.451,4,-7.193,0,0.0428,0.566,0.00838,0.108,0.145,93.997,188973,4,2018,""Low Enerjic"""
"31,""2qokn5x5i7aCaBdFICv11A"",0.648,0.88,6,-4.389,0,0.0906,0.112,0,0.13,0.431,118.902,165695,4,2018,""High Energic"""
"32,""7aLDedpoyZ24RV2h4pcqGi"",0.646,0.878,8,-3.427,0,0.0435,0.00428,0,0.0533,0.817,121.989,229673,4,2018,""High Energic"""
"33,""5J6cmIVUzimDGDZvWTZp0k"",0.753,0.729,1,-4.688,0,0.0266,0.15,0,0.113,0.85,96.999,188280,4,2018,""Low Enerjic"""
"34,""54kHFTuSkr0JUkZM53l27A"",0.54,0.719,5,-8.591,0,0.0868,0.0998,0.0143,0.196,0.236,97.619,222715,4,2018,""Low Enerjic"""
"35,""2Gl0FzuLxflY6nPifJp5Dr"",0.633,0.592,0,-7.245,0,0.112,0.197,0,0.099,0.679,90.066,193511,4,2018,""Low Enerjic"""
"36,""5wre7EAHpqWGcAhlxaAZ5N"",0.7,0.76,0,-3.937,1,0.0448,0.0554,0,0.0998,0.487,100,223190,4,2018,""Low Enerjic"""
"37,""5ELRkzdzz0HvGpMDlfZHkV"",0.518,0.575,5,-4.616,1,0.0302,0.0259,0,0.109,0.209,120.019,340707,4,2018,""Low Enerjic"""
"38,""0kdFj5f27ulhcSXxzTGiCm"",0.625,0.854,1,-2.218,1,0.118,0.0598,0,0.0601,0.586,174.021,189667,4,2018,""Energic"""
"39,""0j5nC2FB0rrJLoD2dsMhkf"",0.549,0.723,1,-5.299,0,0.0301,0.0109,5.05e-05,0.138,0.0968,120.026,215507,4,2018,""Low Enerjic"""
"40,""5IA81a74SVyVzeMegkHjKs"",0.558,0.682,7,-7.006,1,0.138,0.259,2.32e-05,0.0742,0.397,129.895,258138,4,2018,""Low Enerjic"""
"41,""64Wy01fhZWBmjV41Hy3SFY"",0.563,0.778,11,-5.985,1,0.0448,0.18,0,0.556,0.539,140.233,176187,4,2018,""Energic"""
"42,""6vI1WRgs8UyK0bvN6XAOp8"",0.565,0.589,7,-8.782,1,0.0315,0.0223,0,0.279,0.752,73.517,208953,4,2018,""Low Enerjic"""
"43,""56IpyoLyX6sc3YKRtQKAp8"",0.303,0.776,9,-5.072,1,0.0645,0.0285,0,0.111,0.258,82.077,167800,4,2018,""Energic"""
"44,""7eDRWG0HDeP3XrB82TrbYm"",0.742,0.48,11,-6.917,0,0.0311,0.812,0,0.212,0.419,104.046,211947,4,2018,""Low Enerjic"""
"45,""3M1pbVM5P4RFtWW1w6DrJr"",0.731,0.682,2,-6.17,1,0.0358,0.766,8.61e-05,0.0819,0.208,130.036,273960,4,2018,""Low Enerjic"""
"46,""63qapUS8yLKz0tb0eOgOTF"",0.599,0.471,11,-6.806,1,0.0281,0.0952,0,0.0996,0.141,109.941,253200,4,2018,""Low Enerjic"""
"47,""0tUh8HzIVpZPFW7HzE5Vhk"",0.474,0.777,9,-3.44,0,0.0409,0.0497,0,0.677,0.146,94.955,181813,4,2018,""Energic"""
"48,""5VIZcrKXPd9wL4hqE4YN8z"",0.696,0.785,5,-5.892,1,0.0631,0.108,0,0.327,0.756,120.001,189120,4,2018,""Energic"""
"49,""54vtz2MeGYtbvOG440hsYQ"",0.55,0.81,3,-5.019,1,0.035,0.0132,0,0.691,0.636,123.987,195973,4,2018,""Energic"""
"50,""5vQzn3A5PWSkKG2CSQlrwj"",0.669,0.648,3,-6.684,1,0.0572,0.0369,1.33e-06,0.358,0.378,89.968,212019,4,2018,""Low Enerjic"""
"51,""6wLfbmjlWri2YxvQsCnuPA"",0.529,0.749,7,-4.106,1,0.0334,0.138,0,0.318,0.332,96.019,182413,4,2018,""Low Enerjic"""
"52,""7lU7FYLjM3Gm6vAeesmFeB"",0.52,0.352,4,-11.062,0,0.0431,0.896,4.83e-05,0.0753,0.329,136.171,203242,4,2018,""Low Enerjic"""
"53,""4775LfHRe4e8rFEVA7Bxqn"",0.648,0.909,1,-6.148,0,0.0428,0.00995,0.00162,0.07,0.681,95.985,219173,4,2018,""High Energic"""
"54,""5C5oPeIOy1jcAGOMIKxqfY"",0.578,0.318,7,-13.474,0,0.0374,0.709,0.00215,0.126,0.229,119.94,244733,4,2018,""Low Enerjic"""
"55,""63svHSn5JnP4ERVWriipsn"",0.504,0.555,4,-7.868,1,0.0321,0.313,0,0.433,0.46,163.991,205306,3,2018,""Low Enerjic"""
"56,""5AmEdSYHocl9OP5WuIM0WB"",0.694,0.792,2,-5.597,1,0.0437,0.21,0.00732,0.0936,0.695,102.018,215760,4,2018,""Energic"""
"57,""7yBMOn5wpYVHxcAhi3pjlp"",0.686,0.354,2,-15.488,0,0.0427,0.752,0.614,0.103,0.164,117.004,248157,4,2018,""Low Enerjic"""
"58,""2dT3FKMG67oAwMAa3Dxtw7"",0.769,0.744,4,-4.212,0,0.0396,0.318,0,0.333,0.871,115.081,179967,4,2018,""Low Enerjic"""
"59,""0UQdKxpo7uRHUs7IDuW0Nl"",0.804,0.752,3,-5.829,1,0.0514,0.262,0,0.221,0.587,124.007,181627,4,2017,""Low Enerjic"""
"60,""4UPyr3Tep8idtAmisAu1qs"",0.669,0.832,10,-4.014,1,0.075,0.0424,3.89e-06,0.111,0.582,114.046,217625,4,2017,""Energic"""
"61,""3kXqUXnukwkpsxhW8emNC0"",0.607,0.449,0,-8.785,0,0.027,0.234,7.31e-06,0.208,0.142,129.947,174577,4,2017,""Low Enerjic"""
"62,""5YCqzqb6yN6TsMOHb4FSVw"",0.408,0.506,0,-8.24,0,0.0355,0.419,0,0.108,0.213,125.576,180952,4,2017,""Low Enerjic"""
"63,""6x508kWYHYLgVIZv6rnufC"",0.54,0.68,9,-7.851,0,0.0299,0.000356,0.000254,0.112,0.221,127.988,180000,4,2017,""Low Enerjic"""
"64,""2N43TKlYTUfNPlyJK2exnh"",0.645,0.669,0,-6.33,0,0.0371,0.296,0,0.0693,0.457,125.027,180480,4,2017,""Low Enerjic"""
"65,""4Lhk5r1sm6MwH08JkwDZ0O"",0.548,0.783,11,-5.118,0,0.143,0.138,0,0.14,0.461,108.26,180538,4,2017,""Energic"""
"66,""2xI4CmkT6Bl4s5b4qggcgU"",0.329,0.631,2,-4.343,1,0.0486,0.26,0,0.269,0.544,155.856,185237,4,2017,""Low Enerjic"""
"67,""2oim5PeJo33M01bXAUVKLu"",0.649,0.764,1,-7.853,0,0.0363,0.00263,8e-05,0.327,0.397,120.02,186293,4,2017,""Energic"""
"68,""7CiatbFJpSnXnbCiVaGlm0"",0.693,0.612,4,-6.665,0,0.0941,0.117,0,0.0905,0.316,104.014,175083,4,2017,""Low Enerjic"""
"69,""5uzjoEMnrrraUxiQPH3ELe"",0.522,0.661,4,-6.53,0,0.0445,0.212,0,0.0956,0.475,135.934,187735,4,2017,""Low Enerjic"""
"70,""57Y51hxqMn2j3dosW75R6n"",0.733,0.672,4,-5.047,0,0.0427,0.0308,0,0.163,0.463,109.007,183991,4,2017,""Low Enerjic"""
"71,""1CrTu1tVWPUSkW9OtHM3LK"",0.517,0.483,5,-7.18,0,0.03,0.58,0,0.101,0.195,82.017,180162,3,2017,""Low Enerjic"""
"72,""3wSYu1RXRBzcGfB2vVwrZS"",0.765,0.896,7,-4.301,0,0.145,0.0753,0,0.0596,0.794,140.015,195449,4,2017,""High Energic"""
"73,""5JFHGnJYqOjUs42m7lgrP1"",0.583,0.696,10,-7.25,0,0.0891,0.039,0,0.101,0.725,75.052,179961,4,2017,""Low Enerjic"""
"74,""7o2z6XCnmhVG9OWyeCpN51"",0.614,0.823,2,-4.345,0,0.0297,0.00719,1.79e-06,0.352,0.286,110.973,196855,4,2017,""Energic"""
"75,""3UjSOJ00E1eLMcayBm827Q"",0.21,0.0959,5,-17.767,1,0.0347,0.854,0.00355,0.261,0.167,175.914,185080,3,2017,""Low Enerjic"""
"76,""4zEULD8iaJhK3Cs8oVkMSx"",0.579,0.941,9,-4.029,0,0.0873,0.00623,0,0.107,0.524,120.06,179496,4,2017,""High Energic"""
"77,""1zSqaa9tqp25ILZ4oZDrsh"",0.504,0.874,10,-6.791,1,0.115,0.00299,0,0.184,0.787,173.988,176588,4,2017,""High Energic"""
"78,""1YySksBo8O9tdgBcdPIIWw"",0.606,0.562,10,-6.496,1,0.0927,0.109,0,0.106,0.285,86.992,179307,4,2017,""Low Enerjic"""
"79,""5pTMXokyHE9OQyIDvi7ayz"",0.408,0.728,6,-5.186,1,0.0775,0.225,0,0.141,0.51,128.251,180114,5,2017,""Low Enerjic"""
"80,""1WpQu8U3quBeGnhpZn0r7N"",0.715,0.543,9,-4.972,1,0.0334,0.112,0,0.228,0.538,90.007,168000,4,2017,""Low Enerjic"""
"81,""1PbsliSdEPxPRqtsrKFzOR"",0.579,0.803,4,-4.893,0,0.148,0.79,0.0582,0.0813,0.396,180.03,179134,4,2017,""Energic"""
"82,""26D88ZaVe08FKhUrdttd3t"",0.368,0.666,2,-7.346,1,0.0626,0.0414,0.00159,0.338,0.231,120.107,180550,4,2017,""Low Enerjic"""
"83,""4cxdvy2QfC7Yzh5m8zwX3i"",0.426,0.788,0,-4.566,1,0.0404,0.11,0,0.289,0.294,84.965,176223,4,2017,""Energic"""
"84,""46akfgyewAFDiPtdPyJetE"",0.518,0.42,7,-5.968,1,0.0304,0.455,0,0.311,0.173,129.289,178777,4,2017,""Low Enerjic"""
"85,""5lExEFPUk3cceN0iMGIDro"",0.606,0.562,10,-6.496,1,0.0927,0.109,0,0.106,0.285,86.992,179307,4,2017,""Low Enerjic"""
"86,""59EEEMl22vP5wSnqjOYDM0"",0.42,0.654,0,-5.825,1,0.0492,0.209,8.18e-06,0.169,0.302,137.958,180217,4,2017,""Low Enerjic"""
"87,""2FM1zCMO0OE9g6JqmT9p36"",0.414,0.779,10,-4.863,0,0.116,0.0335,3.09e-06,0.492,0.646,181.855,179751,4,2017,""Energic"""
"88,""6g1v2Cw2gejBa4qRQM3QKm"",0.631,0.691,2,-5.383,0,0.0372,0.0107,0,0.184,0.291,107.89,180000,4,2017,""Low Enerjic"""
"89,""04yr4MXjMrQZlZlcdqFtgN"",0.812,0.699,3,-5.882,1,0.0473,0.376,0,0.127,0.52,124.014,181613,4,2017,""Low Enerjic"""
"90,""59JayqW5h9kyhLEcCTwPRX"",0.833,0.806,10,-5.946,0,0.113,0.231,0.00944,0.0681,0.64,110.098,179625,4,2017,""Energic"""
"91,""4NtcojKRdDC5AL9PtxlAQN"",0.475,0.652,6,-7.38,0,0.0383,0.0388,5.19e-06,0.0999,0.3,89.821,179541,4,2017,""Low Enerjic"""
"92,""2cVoJmMLx0uhezvXOIvogS"",0.618,0.669,11,-5.053,0,0.0933,0.482,0,0.0939,0.472,106.426,183613,4,2017,""Low Enerjic"""
"93,""5DogshhX7OQqGTZvYw7rBi"",0.41,0.372,5,-8.181,1,0.0419,0.397,0,0.325,0.253,128.437,179948,4,2017,""Low Enerjic"""
"94,""541qtYs85Hx9yxLhh00aCT"",0.266,0.34,2,-10.726,1,0.032,0.848,0.0758,0.14,0.145,148.901,187597,4,2017,""Low Enerjic"""
"95,""5myq1sZmpLWsdTxhoQYkxA"",0.5,0.738,10,-5.949,0,0.0865,0.0167,0,0.108,0.773,75.135,179961,4,2017,""Low Enerjic"""
"96,""3ETIdeZcAiPQkHS1h0lyiY"",0.706,0.644,8,-7.045,0,0.0372,0.0136,3.2e-05,0.187,0.357,126.02,186579,4,2017,""Low Enerjic"""
"97,""03o3DA7HEqZPFVKL9R28ur"",0.649,0.775,1,-4.684,1,0.0582,0.041,0.000516,0.101,0.274,100.996,185347,4,2017,""Energic"""
"98,""1VlyOHFito6ioGEA26PZ3f"",0.286,0.678,7,-5.635,0,0.0554,0.159,0,0.0933,0.158,131.8,178434,4,2017,""Low Enerjic"""
"99,""3sYfjGbIfgJWZE4Mi6DTHL"",0.476,0.954,4,-4.116,1,0.111,0.0818,0,0.327,0.454,154.794,182256,4,2017,""High Energic"""
"100,""0Skpofj44N2m60sa74Aufz"",0.546,0.729,9,-6.303,0,0.219,0.581,0,0.477,0.452,108.212,181133,4,2017,""Low Enerjic"""
"101,""7xzXyOnErZDcgsGlchy4ec"",0.569,0.903,1,-4.825,0,0.0786,0.00255,0.00128,0.121,0.315,101.952,186471,4,2017,""High Energic"""
"102,""2gVByOGeervnFoKHx6FjTz"",0.521,0.478,1,-5.741,1,0.0273,0.661,0,0.0873,0.19,75.997,180089,4,2017,""Low Enerjic"""
"103,""6ADaThAwRHYRDbqgBexynb"",0.458,0.966,4,-4.427,1,0.0841,0.0228,0,0.392,0.419,154.995,179613,4,2017,""High Energic"""
"104,""1wwcsua0ofpGmmPaTRg1SX"",0.656,0.768,7,-4.117,1,0.0512,0.0133,4.94e-06,0.106,0.881,169.94,182282,4,2017,""Energic"""
"105,""1yyzu2HEoj1HduUEHYi8Lu"",0.421,0.547,2,-5.982,1,0.0406,0.3,1.48e-05,0.518,0.135,134.901,180659,4,2017,""Low Enerjic"""
"106,""2cfOJEps2LXYNQgbAwM3bR"",0.647,0.624,4,-5.335,0,0.0367,0.516,0,0.165,0.461,142.999,180000,4,2016,""Low Enerjic"""
"107,""1G5qDCiqei7ozj5ku43TuR"",0.613,0.834,0,-5.164,1,0.0327,0.0211,0,0.225,0.524,110.069,179482,4,2016,""Energic"""
"108,""1QJFNfsVQA7VfUJFKgQJzI"",0.567,0.875,1,-4.818,1,0.0444,0.0263,0,0.17,0.489,120.058,212280,4,2016,""High Energic"""
"109,""2b9czDPSLTI88694CIqCy3"",0.523,0.818,4,-4.062,0,0.071,0.344,0,0.098,0.32,135.56,195480,4,2016,""Energic"""
"110,""7cVXtwDpck4Kne4Ce8Ge6q"",0.632,0.895,11,-5.276,0,0.0605,0.0416,0,0.0885,0.282,127.983,186892,4,2016,""High Energic"""
"111,""59YDuvEyFGZaId3dyFu8RN"",0.675,0.551,1,-7.268,1,0.0665,0.0337,0,0.0921,0.518,114.97,176353,4,2016,""Low Enerjic"""
"112,""6F3waFskKCqXmiR5gaquey"",0.535,0.712,5,-7.82,0,0.0541,0.0861,5.81e-06,0.11,0.329,119.906,178327,4,2016,""Low Enerjic"""
"113,""5IIIR38OtnHnEcMvyOMsOe"",0.451,0.539,5,-12.399,1,0.0509,0.0338,0,0.202,0.31,134.192,179104,4,2016,""Low Enerjic"""
"114,""26bqkV4bV12BKHnuUIGLII"",0.601,0.794,7,-4.95,1,0.0281,0.0836,7.44e-06,0.0564,0.668,123.747,166173,4,2016,""Energic"""
"115,""7l9x4bASPsIodOguseofyj"",0.797,0.512,7,-5.239,0,0.0522,0.617,0.0167,0.254,0.482,119.999,180840,4,2016,""Low Enerjic"""
"116,""1yOgwmQx1g6TiHXVqZKadj"",0.538,0.795,3,-4.848,0,0.0443,0.00417,1.57e-06,0.125,0.192,123.987,183819,4,2016,""Energic"""
"117,""0etFNuOi2EMWBCE9EHJg11"",0.58,0.759,5,-3.125,0,0.0382,0.0526,0.000816,0.138,0.335,95.995,182400,4,2016,""Low Enerjic"""
"118,""1rjlAtGiXwrJE8Tpj4lZ40"",0.17,0.588,7,-5.812,0,0.0363,0.0047,0.000302,0.306,0.169,205.008,180000,3,2016,""Low Enerjic"""
"119,""0VPCXDBbSuz4tCxsQlInu1"",0.471,0.778,9,-5.99,1,0.039,0.00457,0,0.174,0.448,134.106,185537,4,2016,""Energic"""
"120,""11cf086T0gxzVy9KHh77Iq"",0.623,0.857,5,-3.091,0,0.037,0.0592,0,0.192,0.548,124.947,177260,4,2016,""Energic"""
"121,""60hZOS486h0b6nvykyvR7a"",0.286,0.777,0,-3.661,1,0.0424,0.0197,0,0.165,0.339,149.965,188133,4,2016,""Energic"""
"122,""3IYQ2ZLmZTG5sNiRzbaBp6"",0.531,0.87,4,-4.644,1,0.053,0.0012,0,0.17,0.344,128.022,170797,4,2016,""High Energic"""
"123,""2VdfyGuvpkm8M20swSPT2P"",0.43,0.414,7,-6.903,0,0.0273,0.619,0,0.115,0.361,139.671,192702,4,2016,""Low Enerjic"""
"124,""05GIAbzoqONdnBBZUxCsDC"",0.384,0.381,7,-10.199,0,0.0284,0.452,0,0.193,0.452,141.2,181125,4,2016,""Low Enerjic"""
"125,""6oDkCmfVcSd9NXAKk1b4Ll"",0.735,0.612,5,-6.774,1,0.0517,0.289,4.12e-05,0.103,0.395,105.056,184060,4,2016,""Low Enerjic"""
"126,""5YYyIMxoDPdIlJEAfYhKNQ"",0.576,0.717,3,-3.739,0,0.037,0.281,0,0.118,0.325,85.971,183977,4,2016,""Low Enerjic"""
"127,""5CWfw2pmSmF5tjRw8bItvU"",0.277,0.585,10,-6.699,0,0.0413,0.34,0,0.0653,0.242,80.094,232947,4,2016,""Low Enerjic"""
"128,""6yj2sEcpIjR0fCHG9geuAZ"",0.481,0.91,10,-3.624,0,0.051,0.0056,5.22e-06,0.0979,0.594,130.011,183093,4,2016,""High Energic"""
"129,""4uDYcfu5P1MrX7G2IhCj2L"",0.511,0.764,1,-6.807,0,0.0405,0.00322,5.28e-06,0.302,0.43,117.025,181427,4,2016,""Energic"""
"130,""3Y4eME1XQsRVdChAoxhSxd"",0.606,0.575,10,-4.446,0,0.0359,0.186,0,0.133,0.31,115.956,180426,4,2016,""Low Enerjic"""
"131,""73MwyA75Di6zMWkBUFjNWa"",0.519,0.512,7,-6.827,1,0.0478,0.175,4.97e-06,0.11,0.168,131.849,180316,4,2016,""Low Enerjic"""
"132,""1oXBMCKtUPI4c2eRHziEMy"",0.652,0.898,7,-4.554,0,0.0773,0.00473,0.0269,0.152,0.576,126.027,180806,4,2016,""High Energic"""
"133,""6GqgqnOOzjUJrmdOoa7UwF"",0.651,0.705,8,-6.582,1,0.0452,0.0231,0,0.0599,0.393,127.074,179747,4,2016,""Low Enerjic"""
"134,""4xgRKaIOiRJK5SsPRqjzlA"",0.749,0.811,11,-2.626,1,0.099,0.0228,0,0.0693,0.762,117.01,171893,4,2016,""Energic"""
"135,""13HG0RJm6LyYRGDV0mTD9h"",0.431,0.723,6,-5.961,0,0.0377,0.0127,1.19e-06,0.114,0.184,124.915,176307,3,2016,""Low Enerjic"""
"136,""3tX3JXpYEJp8xKXxaNRN0a"",0.624,0.62,9,-6.593,0,0.0444,0.553,0,0.385,0.331,89.979,179713,4,2016,""Low Enerjic"""
"137,""4hDnWMqJU0XJ1MIdWRhn9P"",0.489,0.673,0,-4.924,1,0.0284,0.0884,0,0.0831,0.252,83.049,200267,4,2016,""Low Enerjic"""
"138,""64KtZjShA8TlNUEiYeyv2m"",0.628,0.901,10,-5.965,1,0.0316,0.0386,0,0.257,0.512,124.935,179966,4,2016,""High Energic"""
"139,""6oedZ02tyJyBbGmMAnpNdR"",0.482,0.71,0,-4.584,0,0.0377,0.238,1.65e-06,0.175,0.24,71.915,178750,4,2016,""Low Enerjic"""
"140,""5fFdmgqK3tZor7H1HW1VJg"",0.312,0.716,3,-5.386,1,0.158,0.268,0,0.098,0.43,170.09,180370,4,2016,""Low Enerjic"""
"141,""2pAJAZ0te4NNdq3TdV6qZa"",0.468,0.64,7,-5.593,0,0.0391,0.379,0,0.49,0.43,97.608,180557,4,2016,""Low Enerjic"""
"142,""7ispaqlWe8OZ3h0Z2OY7bP"",0.583,0.925,4,-3.694,0,0.0763,0.00291,0.00237,0.116,0.471,126.98,176195,4,2016,""High Energic"""
"143,""5GXYlJNP7dKSOGkrMW1jsy"",0.573,0.671,1,-4.69,0,0.035,0.163,7.49e-06,0.434,0.447,81.468,179973,4,2016,""Low Enerjic"""
"144,""5MOjc4FmzbCbMd4mmQq8q9"",0.694,0.757,5,-5.395,0,0.0709,0.104,0,0.173,0.477,83.009,175474,4,2016,""Low Enerjic"""
"145,""2MlVjKpwffc77MQJHqIvjA"",0.487,0.762,2,-6.095,0,0.0305,0.000624,2.43e-06,0.149,0.295,93.044,179943,4,2016,""Energic"""
"146,""7gb3w8xWgszx40JIz0R0NN"",0.626,0.824,8,-6.64,1,0.0431,0.0534,0,0.0206,0.304,125.975,178838,4,2016,""Energic"""
"147,""5zyOjtwG43WzgdaLDz5dVK"",0.701,0.702,6,-6.149,0,0.051,0.0606,1.47e-06,0.11,0.56,122.939,238117,4,2016,""Low Enerjic"""
"148,""5GXgQj1HyQPBpKHXJSfDc6"",0.517,0.798,7,-3.065,1,0.0395,0.0767,0,0.231,0.281,145.001,177982,4,2016,""Energic"""
"149,""7eYAvYuZsa9IeQ4VCdls83"",0.601,0.811,8,-5.779,1,0.158,0.304,0,0.523,0.5,106.977,270000,4,2016,""Energic"""
"150,""5C5oPeIOy1jcAGOMIKxqfY"",0.578,0.318,7,-13.474,0,0.0374,0.709,0.00215,0.126,0.229,119.94,244733,4,2016,""Low Enerjic"""
"151,""4ciaNqHWA2IzHphZaVRzHI"",0.484,0.791,7,-4.27,1,0.0437,0.0743,0,0.0491,0.369,124.008,190613,4,2015,""Energic"""
"152,""3kJoJwLu0T1d2HzvkKd6AZ"",0.466,0.601,7,-5.685,1,0.0327,0.114,0,0.251,0.262,152.246,183913,4,2015,""Low Enerjic"""
"153,""0kvmefxq2QnrRPGOKJeb4F"",0.463,0.617,1,-5.853,1,0.0291,0.0576,8.11e-05,0.133,0.179,142.098,226587,4,2015,""Low Enerjic"""
"154,""3O2MsMZHCgSbRGEca5ML1N"",0.821,0.513,7,-5.388,1,0.0436,0.0802,0,0.067,0.308,90.008,172153,4,2015,""Low Enerjic"""
"155,""0yaAFfayze82aoCTY2cxd7"",0.702,0.843,10,-2.403,1,0.145,0.0859,0,0.151,0.586,106.095,203339,4,2015,""Energic"""
"156,""1CM0HC2WnIVCo8eYSh3yRW"",0.277,0.315,1,-8.591,0,0.0305,0.778,0,0.167,0.129,143.631,225874,4,2015,""Low Enerjic"""
"157,""4pCBCEWeBGJxdRWqT8GQkY"",0.659,0.751,1,-7.088,0,0.0603,0.093,0,0.0993,0.578,115.021,179851,4,2015,""Low Enerjic"""
"158,""0RSkLhxAc601EgeKkyXNVB"",0.626,0.835,7,-5.059,0,0.0451,0.377,1.19e-06,0.39,0.699,138.031,179130,4,2015,""Energic"""
"159,""0Es5TMIKrTH3bLf0wk0sut"",0.479,0.786,4,-4.404,0,0.098,0.00465,0,0.377,0.502,79.131,204209,4,2015,""Energic"""
"160,""0vd5hX3F87gbfH2mIZJjlr"",0.566,0.797,9,-5.894,0,0.0554,0.106,0,0.205,0.531,155.035,185674,4,2015,""Energic"""
"161,""6Bcf7gRrDgWEZCJzeS26XS"",0.326,0.372,3,-9.466,1,0.0309,0.543,0,0.107,0.436,180.654,182393,1,2015,""Low Enerjic"""
"162,""3XhbPuJJG3MlAP2exjHoVy"",0.483,0.672,2,-5.137,1,0.04,0.0602,4.51e-05,0.306,0.194,106.232,179220,4,2015,""Low Enerjic"""
"163,""6Vsw92xvDmHT4OePNoVCZ4"",0.571,0.562,4,-6.062,1,0.026,0.485,0,0.13,0.158,98.017,179955,4,2015,""Low Enerjic"""
"164,""2J6acmdFTJM24N3gdkXg6k"",0.563,0.803,3,-8.776,1,0.0447,0.00109,0,0.0822,0.225,131.016,182000,4,2015,""Energic"""
"165,""1sRUB6sgbgXjDTRlMn5G76"",0.242,0.621,2,-7.358,0,0.039,0.157,0,0.427,0.31,175.936,167794,4,2015,""Low Enerjic"""
"166,""3QeIjbfwqVg9xwEKoxzfbN"",0.335,0.641,1,-6.824,1,0.0404,0.153,0.000189,0.177,0.134,81.927,176187,4,2015,""Low Enerjic"""
"167,""2zHDsCjQGp7XqsqrrNR9t9"",0.44,0.676,3,-5.04,0,0.0329,0.16,1.05e-05,0.112,0.0876,126.866,184640,4,2015,""Low Enerjic"""
"168,""5CIcf1jodSZ7ckWIFqw1q7"",0.604,0.86,1,-4.464,1,0.0905,0.00341,9.67e-05,0.198,0.797,172.065,192610,4,2015,""Energic"""
"169,""4HtQzcTI6wh3Xjj4fAzz2l"",0.751,0.807,0,-4.431,1,0.0577,0.0271,0,0.0774,0.74,117.014,168901,4,2015,""Energic"""
"170,""1WwIqLv8716t8vNb44mp1R"",0.534,0.494,9,-5.858,0,0.0287,0.746,0,0.136,0.233,126.164,180653,4,2015,""Low Enerjic"""
"171,""69lMeHeBoAkekQZROdMam2"",0.52,0.499,1,-5.716,1,0.025,0.309,3.01e-06,0.104,0.245,82.793,180714,4,2015,""Low Enerjic"""
"172,""6PruiyHcWU9wbgH4cKPIV4"",0.59,0.608,0,-9.13,1,0.0331,0.418,0,0.0872,0.373,120.065,182427,4,2015,""Low Enerjic"""
"173,""6blg0qHCVx36QDBGmWpy7M"",0.564,0.84,7,-3.928,0,0.0388,0.0989,0,0.268,0.513,129.941,184385,4,2015,""Energic"""
"174,""5tnirfLr1ePUkBo9t8O6sB"",0.334,0.185,2,-11.122,1,0.033,0.81,0,0.163,0.203,174.43,179712,3,2015,""Low Enerjic"""
"175,""6gHVLO8022RixiK0sS1XhK"",0.626,0.603,4,-6.221,0,0.042,0.0817,0,0.0973,0.338,139.805,182451,4,2015,""Low Enerjic"""
"176,""4KZ3NeO2f2wFHpgKNoTomR"",0.556,0.487,0,-6.426,1,0.0271,0.29,3.63e-05,0.311,0.224,78.551,180561,3,2015,""Low Enerjic"""
"177,""2HNAM0vurI7vKAYHu1Bz2t"",0.271,0.609,8,-7.029,1,0.0462,0.101,3.06e-05,0.297,0.456,194.086,179994,4,2015,""Low Enerjic"""
"178,""6NcwcSoymgNM126a6WwbZX"",0.445,0.812,8,-5.049,1,0.0431,0.0276,0,0.148,0.865,206.003,180872,4,2015,""Energic"""
"179,""1kG3N1BIMus3niKinXFtYX"",0.407,0.796,8,-4.061,1,0.0659,0.0872,5.23e-06,0.234,0.211,76.974,179669,4,2015,""Energic"""
"180,""4ShpIr6hkyVovIEFqKxjB8"",0.627,0.786,6,-4.431,1,0.0487,0.527,0,0.053,0.691,77,181324,4,2015,""Energic"""
"181,""2RMutLjWmSfMyyHNPT1qJH"",0.33,0.181,2,-10.579,1,0.0354,0.839,0,0.18,0.238,174.051,184520,3,2015,""Low Enerjic"""
"182,""6tjQmssYRxz7kVdDee0NBL"",0.534,0.718,0,-4.061,1,0.0296,0.0313,0,0.239,0.701,124.982,185613,4,2015,""Low Enerjic"""
"183,""0z3UNXI7HBMpAX7p8xg2pu"",0.487,0.81,6,-3.687,1,0.0423,0.244,0.0108,0.495,0.417,171.785,183027,4,2015,""Energic"""
"184,""68d6dy8LNAHlocbd4ecu1o"",0.382,0.535,7,-8.004,1,0.0305,0.0403,0,0.121,0.23,148.143,185962,4,2015,""Low Enerjic"""
"185,""6w0LeIgIaWXbQ5VzshVLwI"",0.508,0.284,7,-11.236,0,0.0551,0.0415,0.000846,0.142,0.145,108.116,180000,4,2015,""Low Enerjic"""
"186,""7yU7FlMnnLHEnOVxMmQLCQ"",0.458,0.909,5,-4.045,0,0.0927,0.008,3.34e-05,0.216,0.362,141.029,182126,4,2015,""High Energic"""
"187,""60FcGPWkPbbO0mZxev1U0l"",0.59,0.727,10,-6.948,0,0.0392,0.0424,0,0.363,0.485,128.982,179105,4,2015,""Low Enerjic"""
"188,""37Iemq844Q9wKENnwbFtWe"",0.302,0.731,9,-8.544,0,0.186,0.0187,0,0.243,0.377,150.018,186306,4,2015,""Low Enerjic"""
"189,""6vMT4GiSXUGT8BREYQgps7"",0.328,0.45,6,-10.361,0,0.0306,0.532,0,0.106,0.229,95.08,182861,4,2015,""Low Enerjic"""
"190,""2CpDzAchbGIRXekXOpzlbH"",0.493,0.4,2,-8.323,0,0.025,0.243,0,0.0974,0.234,91.999,184891,3,2015,""Low Enerjic"""
"191,""719i2VpCO6JVcc8N1t1OtF"",0.445,0.542,7,-7.773,1,0.0333,0.026,0,0.368,0.244,121.058,180478,3,2015,""Low Enerjic"""
"192,""5hK2qQLU9zniq7EffyFGlL"",0.521,0.539,1,-9.779,0,0.0288,0.036,1.64e-06,0.169,0.111,111.47,179950,4,2015,""Low Enerjic"""
"193,""46L52uicKFc4dP8mp2pNIP"",0.4,0.715,8,-7.959,1,0.0393,0.00381,0,0.156,0.76,205.848,180872,4,2015,""Low Enerjic"""
"194,""5xdda4IGfQq98QnCsNW4eZ"",0.346,0.645,8,-7.826,1,0.0477,0.00877,0,0.292,0.231,152.348,179669,4,2015,""Low Enerjic"""
"195,""0tBUd6UyIMfV29IdD1sEpT"",0.554,0.868,9,-3.875,1,0.0378,0.0184,0,0.18,0.346,135.076,183147,4,2014,""High Energic"""
"196,""2l75XRzIrKfAZ4cE7VW6fo"",0.587,0.652,6,-5.717,1,0.0331,0.187,0,0.0949,0.422,90.245,181733,4,2014,""Low Enerjic"""
"197,""164K5E7hbZlS2HprdV4NAD"",0.679,0.877,4,-5.363,0,0.217,0.304,0,0.387,0.624,155.936,190924,4,2014,""High Energic"""
"198,""0fvafkeEoF6Y9gGLK3Wnu3"",0.426,0.45,2,-8.91,0,0.0252,0.0791,0,0.127,0.208,82.107,181990,4,2014,""Low Enerjic"""
"199,""1LMUArwQoJRXXkppeGV10D"",0.395,0.618,0,-7.117,0,0.0377,0.0247,0.000632,0.116,0.0729,140.065,183213,4,2014,""Low Enerjic"""
"200,""3HTQzNjeKAIxtF6tntuV2s"",0.774,0.867,8,-3.41,1,0.0608,0.0668,0,0.0577,0.729,111.99,181675,4,2014,""High Energic"""
"201,""0r9VSL7mGjmb4TwUglCLcr"",0.697,0.887,6,-4.038,0,0.0387,0.0104,0.000315,0.0479,0.719,124.976,183040,4,2014,""High Energic"""
"202,""1e7hVISj3bDzGrknIRJCA0"",0.537,0.583,8,-5.599,1,0.0331,0.265,0,0.0706,0.557,151.952,184613,3,2014,""Low Enerjic"""
"203,""2kli84TSRXN5XoGsY75Nan"",0.395,0.618,0,-7.117,0,0.0377,0.0247,0.000632,0.116,0.0729,140.065,183213,4,2014,""Low Enerjic"""
"204,""2KqrsypJqXIKDentWkQu0J"",0.246,0.526,2,-6.363,0,0.0322,0.1,0,0.119,0.207,80.986,182933,4,2014,""Low Enerjic"""
"205,""0VbkuPm16enpcwPw5uALYq"",0.323,0.312,11,-7.351,0,0.0326,0.843,0,0.101,0.31,74.745,181947,3,2014,""Low Enerjic"""
"206,""63tq1qB7VRfA2wBNuB1Xtl"",0.502,0.337,4,-8.104,0,0.0295,0.867,0,0.0888,0.25,72.862,182360,4,2014,""Low Enerjic"""
"207,""5pALUcsHsRsFl55w2Cnumt"",0.808,0.813,1,-4.063,0,0.063,0.16,0,0.0294,0.89,95.008,179467,4,2014,""Energic"""
"208,""68lO4YsBnxihBFiA0WARHJ"",0.565,0.882,4,-4.48,0,0.0695,0.14,9.85e-06,0.101,0.907,176.956,185520,4,2014,""High Energic"""
"209,""18kAqShskuAKN0fFo18DyH"",0.759,0.693,7,-6.13,0,0.0886,0.252,0,0.372,0.823,132.089,181600,4,2014,""Low Enerjic"""
"210,""0h0hZdvLGdQwpR8FUQMVue"",0.787,0.852,8,-3.737,1,0.0592,0.0561,0,0.0418,0.669,111.983,183827,4,2014,""Energic"""
"211,""7nHZygGL08cyziMy3i6wqd"",0.536,0.852,5,-5.414,0,0.0524,0.0288,0,0.131,0.397,128.033,184293,4,2014,""Energic"""
"212,""0q3qA8OGpzu6RluxLGA71x"",0.605,0.66,0,-6.85,1,0.0372,0.675,3.19e-05,0.113,0.433,129.938,174187,4,2014,""Low Enerjic"""
"213,""6XFyhqbEGeoO1xswBCnKKF"",0.556,0.867,0,-6.326,1,0.0476,0.00056,0,0.113,0.377,146.048,182507,4,2014,""High Energic"""
"214,""5XikhFoJEvwYWEcZbeYEeQ"",0.685,0.846,3,-8.026,0,0.0419,0.00978,1.08e-05,0.0996,0.849,127.987,171227,4,2014,""Energic"""
"215,""7KxQjUoKu9chCcN6cpHLrm"",0.558,0.739,6,-3.81,1,0.0504,0.165,0.000171,0.292,0.417,140.07,182947,4,2014,""Low Enerjic"""
"216,""1eVJ6Mke1dKBGxFXELqM6Y"",0.563,0.731,9,-6.438,1,0.0512,0.194,0,0.379,0.574,76.088,180427,4,2014,""Low Enerjic"""
"217,""2oFmGjyOGefQ6Af2ysnDfQ"",0.672,0.813,0,-5.612,0,0.0587,0.0372,0,0.319,0.614,127.972,184133,4,2014,""Energic"""
"218,""5BRhhQJkfmW0rhXa3zWWIN"",0.589,0.63,10,-6.546,0,0.0312,0.0923,0,0.0867,0.373,90.066,182627,4,2014,""Low Enerjic"""
"219,""2v97ToeLY1nEiMJLnAM4MV"",0.685,0.836,0,-3.55,1,0.0324,0.279,0,0.0884,0.769,119.994,185320,4,2014,""Energic"""
"220,""379KepiioggdYFJJFriwVp"",0.632,0.88,11,-5.341,0,0.0461,0.089,0,0.13,0.452,124.037,179120,4,2014,""High Energic"""
"221,""0i4O8Zr6gOS0f6AYRCeOLx"",0.698,0.93,7,-4.348,1,0.0891,0.102,0,0.255,0.735,108.095,165347,4,2014,""High Energic"""
"222,""350dvo9iFYC94Xt81ArQvY"",0.597,0.921,9,-4.03,0,0.0338,0.104,0,0.139,0.849,135.985,184720,4,2014,""High Energic"""
"223,""1WhizSxniuzqVvrHt909sY"",0.548,0.954,1,-4.743,0,0.0756,0.0979,0,0.186,0.157,74.971,173453,4,2014,""High Energic"""
"224,""5Qd68IgarqOFsNiLoKudmu"",0.711,0.625,6,-8.612,1,0.0482,0.437,1.21e-05,0.121,0.788,98.518,181387,4,2014,""Low Enerjic"""
"225,""5jGzOHFqzgyhxdFWZRxRaR"",0.59,0.735,2,-4.508,0,0.0444,0.0901,0,0.241,0.122,139.995,182000,4,2014,""Low Enerjic"""
"226,""2F3XmCWLT2MGL0IVUfO5CP"",0.17,0.598,0,-5.577,0,0.0429,0.184,0,0.0859,0.232,47.054,185240,4,2014,""Low Enerjic"""
"227,""3vp4Ai05zle4jOd73MxVj7"",0.574,0.865,1,-3.949,0,0.0474,0.00127,0,0.0794,0.729,127.977,193640,4,2014,""High Energic"""
"228,""6SD2vb3rBiRb3sSYNLHqWk"",0.496,0.816,1,-3.563,1,0.0409,0.027,4.99e-06,0.035,0.263,128.101,179387,4,2014,""Energic"""
"229,""6IXHfHv83TGf2J7X0k111B"",0.702,0.354,6,-11.425,1,0.0328,0.577,0.274,0.11,0.42,116.029,186827,4,2014,""Low Enerjic"""
"230,""5CO3m9j0nBEok1XrdSYUR3"",0.303,0.214,9,-9.893,1,0.0413,0.86,2.39e-05,0.103,0.213,73.678,177947,3,2014,""Low Enerjic"""
"231,""6N4wJ4PQ6wuMQ0o6BB7Goh"",0.692,0.829,7,-4.858,1,0.154,0.29,1.08e-06,0.366,0.649,156.028,179080,4,2014,""Energic"""
"232,""1oCkSYgHhVjetJyFXGy0jc"",0.746,0.918,0,-4.423,1,0.0467,0.153,0.000626,0.129,0.892,130.025,181853,4,2014,""High Energic"""
"233,""7sMNPesOk3HjzpBrNWH3W7"",0.642,0.834,4,-5.59,0,0.0319,0.144,0,0.0723,0.742,119.993,186080,4,2014,""Energic"""
"234,""4VMa2QVWFDgJyh6rVA3reO"",0.582,0.408,6,-6.658,1,0.0377,0.447,0,0.101,0.284,121.911,187267,4,2014,""Low Enerjic"""
"235,""5BprleVCAECeHsE4IfXYfE"",0.558,0.879,9,-3.869,1,0.0403,0.0181,0,0.109,0.325,135.051,184773,4,2014,""High Energic"""
"236,""2Z7hewbsty1juz2S1qltoV"",0.529,0.677,8,-4.759,1,0.0294,0.0195,0,0.205,0.323,120.008,182280,4,2014,""Low Enerjic"""
"237,""5yLUCQLj75yyIKfpAzdhNZ"",0.555,0.762,7,-4.528,0,0.0418,0.482,0,0.375,0.228,114.28,185013,4,2014,""Energic"""
"238,""3uayMUYqOcJDGC2Tvk1j45"",0.58,0.725,2,-5.283,1,0.0632,0.0533,0,0.369,0.443,97.959,218960,4,2014,""Low Enerjic"""
"239,""5QLqrMhJSM4GZaR1CX13Wo"",0.563,0.834,9,-4.686,0,0.0607,0.0951,0,0.254,0.44,110.978,182893,4,2013,""Energic"""
"240,""5p6Nmu8L3ZMO2eNyWzFAyC"",0.341,0.95,11,-4.37,0,0.393,0.00441,0.000205,0.611,0.379,192.138,181387,4,2013,""High Energic"""
"241,""5klQSk2bLb0U3vnvGJUZf4"",0.556,0.632,6,-4.438,1,0.0359,0.196,0,0.114,0.152,126.03,218893,4,2013,""Low Enerjic"""
"242,""1xRlV9v2HJzZvDaGKQMCuz"",0.559,0.863,7,-5.029,0,0.0631,0.00317,9.34e-06,0.336,0.308,127.966,207594,4,2013,""Energic"""
"243,""0ViX8UyyTD13xouZSGIRa1"",0.527,0.834,8,-5.203,1,0.064,0.00576,0,0.191,0.382,127.99,180013,4,2013,""Energic"""
"244,""0h5MGwh2LnHeHNyefargns"",0.257,0.382,11,-7.528,1,0.0306,0.727,0,0.129,0.123,127.476,181107,3,2013,""Low Enerjic"""
"245,""3JjKteomTW8lCrowYkvknR"",0.466,0.687,6,-6.551,1,0.0354,0.0146,0,0.178,0.364,132.126,180907,4,2013,""Low Enerjic"""
"246,""2wKxsDSrC68PNLf9WKIrfg"",0.593,0.673,8,-5.645,1,0.0266,0.254,0.000264,0.114,0.375,132.023,181493,4,2013,""Low Enerjic"""
"247,""39iZu3AG9yEf27298yUDLx"",0.722,0.664,9,-7.048,1,0.0307,0.705,0,0.155,0.728,100.016,180160,4,2013,""Low Enerjic"""
"248,""24L1pmTHNPAloc3xVXQx1D"",0.689,0.715,2,-2.476,0,0.0316,0.678,0,0.163,0.359,127.961,183707,4,2013,""Low Enerjic"""
"249,""2oLSfsQWs9ON42sKJyhPpq"",0.616,0.693,6,-6.469,1,0.0403,0.0966,0,0.145,0.536,125.956,182813,4,2013,""Low Enerjic"""
"250,""3Rnz5JsDHMrP7XsVWaAVNm"",0.348,0.849,3,-4.563,0,0.0928,0.42,0,0.0958,0.531,151.425,176933,3,2013,""Energic"""
"251,""7nMmrdSajIdGEJYTloT9DU"",0.606,0.7,11,-4.923,0,0.0366,0.0223,2.08e-06,0.51,0.406,128.024,181573,4,2013,""Low Enerjic"""
"252,""7y07vR4aqGH79kEqrR0soN"",0.46,0.674,9,-5.937,1,0.0325,0.189,0,0.304,0.314,75.068,184973,4,2013,""Low Enerjic"""
"253,""0v9qJ3fV5qMc8kb3tPykxa"",0.574,0.91,10,-4.831,1,0.053,0.0488,0,0.135,0.277,124.962,185173,4,2013,""High Energic"""
"254,""1aEM4vncMv6kjVGlFnand5"",0.754,0.786,8,-2.715,1,0.255,0.0438,0,0.0791,0.676,130.118,174120,4,2013,""Energic"""
"255,""0RepG3Y0tJz5os8h38xkaD"",0.595,0.945,5,-3.13,1,0.0502,0.00615,0,0.164,0.713,100.04,175533,4,2013,""High Energic"""
"256,""3Lzu30pl3Zq88PdXCQsjfC"",0.676,0.606,5,-8.461,1,0.0301,0.0192,0.0257,0.119,0.666,129.969,186707,4,2013,""Low Enerjic"""
"257,""6khm3KiTNl3yoyZWqvhxrn"",0.48,0.349,4,-8.702,1,0.0261,0.508,0,0.106,0.346,74.867,181707,4,2013,""Low Enerjic"""
"258,""42LRyx78NTIxhLqiJn9T7h"",0.599,0.8,10,-3.609,0,0.0507,0.456,0,0.505,0.313,105.101,179933,4,2013,""Energic"""
"259,""0jiCG5Bk4bo4SHyTP5sUIR"",0.657,0.638,5,-7.127,1,0.0659,0.438,0,0.155,0.564,171.786,187000,4,2013,""Low Enerjic"""
"260,""0nbkFxLZyA1TbLkVHLo1zY"",0.506,0.555,6,-6.892,1,0.0301,0.382,4.86e-05,0.145,0.275,102.1,180013,4,2013,""Low Enerjic"""
"261,""10qLaDfdaLTN14Z29guHBD"",0.57,0.911,2,-4.317,0,0.0403,0.00747,0,0.0385,0.861,171.978,174787,4,2013,""High Energic"""
"262,""7IJrsaXy9L1WaYzrUK9QcX"",0.375,0.672,2,-5.56,1,0.0299,0.029,0,0.39,0.238,79.881,187667,4,2013,""Low Enerjic"""
"263,""3lklWyWt4EIBZWND3hsmHu"",0.674,0.615,1,-4.889,0,0.0268,0.00971,0,0.384,0.362,89.983,178693,4,2013,""Low Enerjic"""
"264,""3kcbfGJdqzoxF098yzAFcL"",0.784,0.845,5,-6.424,0,0.169,0.0106,0,0.436,0.679,142.964,179987,4,2013,""Energic"""
"265,""2lwNvxRKImJsl7Tbqcv2VK"",0.454,0.542,8,-7.159,1,0.032,0.0276,0.000216,0.0755,0.361,151.729,185613,4,2013,""Low Enerjic"""
"266,""0wGpwgpIPRic7TEFD0U2Cy"",0.491,0.561,5,-6.734,1,0.0275,0.359,0,0.123,0.335,78.034,181173,4,2013,""Low Enerjic"""
"267,""4L3uCjSx1Rog58X4Ptj05Y"",0.429,0.493,0,-6.284,1,0.0414,0.598,0,0.351,0.398,128.123,179973,4,2013,""Low Enerjic"""
"268,""6ALgDMIP8fS4fldDdlU9QQ"",0.567,0.701,8,-4.241,0,0.0326,0.000782,0,0.034,0.692,133.89,174907,4,2013,""Low Enerjic"""
"269,""3U2U7o7LCuMR3GdRS8dofW"",0.811,0.91,6,-4.773,0,0.0502,0.0231,0.00166,0.265,0.605,94.989,179053,4,2013,""High Energic"""
"270,""6He6QpNeeBLApE0HaOjZBW"",0.639,0.941,9,-5.179,0,0.0853,0.00509,8.54e-05,0.068,0.742,130.016,179773,4,2013,""High Energic"""
"271,""1176Ga8Qwqlcx0ZfaVSj9R"",0.514,0.781,10,-3.592,0,0.0288,0.0128,0,0.188,0.288,90.019,174587,4,2013,""Energic"""
"272,""7jYQ3USqY6qbGwF1faOAgE"",0.518,0.64,11,-4.789,0,0.0317,0.116,0,0.0959,0.341,82.023,180573,4,2013,""Low Enerjic"""
"273,""43aTvR7mdUlxIOOqJetyH4"",0.332,0.854,11,-6.415,1,0.0424,0.000691,5.86e-05,0.39,0.349,160.141,184653,4,2013,""Energic"""
"274,""5tl6hpAme7TmBnweESURZ5"",0.551,0.832,4,-4.701,1,0.0306,0.00542,0,0.118,0.712,105.032,181173,4,2013,""Energic"""
"275,""7ol1CVOYISQsQmi2uW16kh"",0.541,0.834,0,-5.258,0,0.0663,0.00498,0,0.191,0.355,128.012,180000,4,2013,""Energic"""
"276,""5ZccXZwWJzQl0VC7NvJXYa"",0.575,0.794,2,-3.222,0,0.0325,0.117,0,0.266,0.395,133.943,180987,4,2013,""Energic"""
"277,""18pMdRLP0ce0aJDuzVgf4j"",0.508,0.912,11,-4.945,0,0.088,0.205,0,0.127,0.536,134.983,180013,4,2013,""High Energic"""
"278,""0jeJYwlSt2SrTaL00aVgrO"",0.387,0.79,0,-3.881,1,0.0762,0.518,0,0.191,0.422,176.062,179773,4,2013,""Energic"""
"279,""7mjNGQcLwp5cVKCPWskCr5"",0.167,0.407,11,-8.262,1,0.0324,0.614,0,0.112,0.0922,85.474,203027,4,2013,""Low Enerjic"""
"280,""0FyoA6hNmCcGN5JKx8Rddp"",0.464,0.681,6,-6.572,1,0.0347,0.0113,0,0.171,0.347,132.161,180893,4,2013,""Low Enerjic"""
"281,""3TWK8lq7oFPaKD1YkR1zdO"",0.547,0.758,11,-4.74,0,0.0419,0.139,2.63e-05,0.292,0.444,132.036,179693,4,2012,""Low Enerjic"""
"282,""6yZJQZ9rcLfwwRGfSLEyuk"",0.672,0.861,0,-4.836,0,0.106,0.205,0,0.338,0.664,126.013,171947,4,2012,""Energic"""
"283,""0XXspLhiojqjCgqr8bQanA"",0.221,0.477,1,-6.086,0,0.0394,0.794,0,0.114,0.314,75.039,182440,1,2012,""Low Enerjic"""
"284,""1w2jm6QteAq3qw9xAYSe2W"",0.224,0.591,1,-4.425,0,0.0332,0.605,2.38e-05,0.433,0.303,184.842,179995,3,2012,""Low Enerjic"""
"285,""28a6fdxQ5BaZu56dm4qFwC"",0.7,0.958,4,-5.145,1,0.0687,0.177,0,0.719,0.621,101.972,181933,4,2012,""High Energic"""
"286,""3rhnT5RoN7bvPUpMHt1aM9"",0.725,0.832,9,-2.961,1,0.0486,0.0568,0,0.183,0.647,131.038,182733,4,2012,""Energic"""
"287,""40sYYZZN8BLWs8Qmwamngw"",0.336,0.734,0,-3.679,0,0.0341,0.135,0,0.047,0.477,101.393,180403,3,2012,""Low Enerjic"""
"288,""1jakNe5DxSDUZ3KerjSGjr"",0.651,0.898,4,-2.641,0,0.0387,0.00356,1.01e-05,0.35,0.914,109.985,179560,4,2012,""High Energic"""
"289,""7cpOKiJAbRLvmMJdzckE3Y"",0.664,0.856,7,-4.247,0,0.0571,0.106,0,0.214,0.6,107.044,186149,4,2012,""Energic"""
"290,""1Wx9FNbUsdjD5xozSPgV7T"",0.646,0.795,11,-3.222,1,0.0472,0.00351,0,0.17,0.501,140.018,179653,4,2012,""Energic"""
"291,""6fOHMFOLJ5G0EiSVliPhJf"",0.58,0.786,10,-4.864,1,0.0332,0.00434,0,0.105,0.7,136.95,183520,4,2012,""Energic"""
"292,""2EMatUZHGgDWHCTysxZ8nP"",0.607,0.905,5,-3.085,0,0.107,0.00462,0,0.0826,0.589,127.011,179147,4,2012,""High Energic"""
"293,""0vPixd58CoECEctjnL0EMN"",0.446,0.817,2,-4.159,1,0.0367,0.012,1.12e-05,0.255,0.243,80.033,177253,4,2012,""Energic"""
"294,""3sPei5H0zsPDVa6GIpyZ5E"",0.462,0.317,2,-8.373,0,0.0292,0.859,0,0.143,0.236,120.137,178867,3,2012,""Low Enerjic"""
"295,""4jugenbPVVIY9CQfkRW1hX"",0.493,0.945,2,-2.717,1,0.0432,0.0108,0,0.0781,0.5,143.868,185640,4,2012,""High Energic"""
"296,""4AKJSL7TqJ1JwSdTMm45ht"",0.354,0.445,5,-7.234,1,0.0323,0.204,8.98e-06,0.119,0.165,128.735,259000,4,2012,""Low Enerjic"""
"297,""0gbIrlLpSKnonxTfdWI3zA"",0.462,0.317,2,-8.373,0,0.0292,0.859,0,0.143,0.236,120.137,178867,3,2012,""Low Enerjic"""
"298,""4jugenbPVVIY9CQfkRW1hX"",0.493,0.945,2,-2.717,1,0.0432,0.0108,0,0.0781,0.5,143.868,185640,4,2012,""High Energic"""
"299,""4AKJSL7TqJ1JwSdTMm45ht"",0.354,0.445,5,-7.234,1,0.0323,0.204,8.98e-06,0.119,0.165,128.735,259000,4,2012,""Low Enerjic"""
"300,""3R3Zt8XnN8K405hzVtp3ar"",0.697,0.816,2,-5.578,0,0.0492,0.0455,0.00526,0.335,0.787,126.986,178469,4,2012,""Energic"""
"301,""3VoWhnc9XDZ8DZ0IdXkZ9b"",0.285,0.33,10,-5.148,0,0.0343,0.798,2.42e-05,0.109,0.0933,73.897,254272,3,2012,""Low Enerjic"""
"302,""1TonBlbQ3iuenXakzUMk8f"",0.874,0.82,0,-2.782,1,0.0388,0.0582,0,0.386,0.925,121.019,177627,4,2012,""Energic"""
"303,""4wDmhj6T4KfkbDuoOgFNyv"",0.382,0.347,9,-7.455,1,0.032,0.703,0,0.512,0.436,123.143,181320,4,2012,""Low Enerjic"""
"304,""0xoAiu5YBdCliff8Sk5EiW"",0.574,0.446,4,-7.106,1,0.0293,0.351,0,0.577,0.26,109.156,180400,4,2012,""Low Enerjic"""
"305,""1nDryTaJ4zNZ0cO2KbXlVO"",0.768,0.775,11,-5.304,0,0.146,0.199,4.58e-05,0.4,0.87,129.967,180333,4,2012,""Energic"""
"306,""6gy6rFnDhIv4gaiOrBJoFV"",0.578,0.856,11,-5.72,0,0.0386,0.00599,0,0.138,0.533,123.036,179547,4,2012,""Energic"""
"307,""5pRxKh2X1xB3A65ZopDQqm"",0.494,0.935,2,-2.737,1,0.0404,0.00945,0,0.109,0.459,143.926,180360,4,2012,""High Energic"""
"308,""4vFDTPkBAYJ2xDukQ0kBW3"",0.721,0.825,9,-2.92,1,0.0484,0.0695,0,0.214,0.675,131.044,181400,4,2012,""Energic"""
"309,""2kjTZx2AcLmi6tC85SDRsb"",0.548,0.699,10,-5.637,1,0.0309,0.0109,0,0.0847,0.13,107.957,205853,4,2012,""Low Enerjic"""
"310,""1pPzXurcBWcgcPtDqgeGUO"",0.601,0.607,5,-4.881,0,0.0327,0.125,0,0.0847,0.306,94.999,183773,4,2012,""Low Enerjic"""
"311,""7boE0PASxtCz9FB0FqyGO2"",0.19,0.315,5,-8.149,1,0.0362,0.256,0,0.0629,0.112,77.726,176893,4,2012,""Low Enerjic"""
"312,""4hA0zbkYfAYl6brTyPZc1l"",0.489,0.638,8,-5.326,1,0.0251,0.338,0,0.533,0.175,83.961,183347,4,2012,""Low Enerjic"""
"313,""1jkFhjJLzTIZYUszvEbvQR"",0.619,0.482,4,-9.102,0,0.0342,0.145,0.000543,0.122,0.318,86.899,178093,3,2012,""Low Enerjic"""
"314,""2BiTk2PPGcjipd6IJQ7GWe"",0.583,0.773,10,-4.873,1,0.0337,0.00498,0,0.122,0.751,136.939,182720,4,2012,""Energic"""
"315,""6V7Q3cfumxN9KtT1js3ziR"",0.527,0.628,5,-5.51,1,0.0428,0.39,0,0.56,0.339,112.911,180413,4,2012,""Low Enerjic"""
"316,""4HLh5lOMtQLuHo3NY5oist"",0.646,0.75,10,-4.885,1,0.0382,0.000658,0,0.0416,0.838,144.026,184200,3,2012,""Low Enerjic"""
"317,""4AaKAntTTzY6s6yjjQN70Q"",0.486,0.839,11,-4.273,1,0.0409,0.00407,0,0.0937,0.767,130.149,176853,4,2012,""Energic"""
"318,""4LZWT5Du81Q1g3snc1bLPQ"",0.349,0.712,0,-3.523,0,0.0352,0.137,0,0.0443,0.461,132.577,180853,4,2012,""Low Enerjic"""
"319,""7o3qlpXrSuIvokM7DRLbEE"",0.524,0.583,3,-6.134,0,0.0406,0.432,0,0.111,0.16,123.83,184067,4,2012,""Low Enerjic"""
"320,""578x6FSGt2Ah9FAGG6gW46"",0.445,0.945,8,-2.307,0,0.0694,0.265,0,0.2,0.827,176.006,179787,4,2012,""High Energic"""
"321,""6t5JVRaVQ99fQN6scZbPHL"",0.671,0.87,7,-3.942,0,0.0493,0.121,0,0.462,0.552,106.95,184347,4,2012,""High Energic"""
"322,""3mYHrdFPhiF6QHcoU8X2sP"",0.767,0.646,2,-6.3,0,0.161,0.321,0,0.0633,0.144,129.769,182120,4,2012,""Low Enerjic"""
"323,""3bOGrTCOKSV10OSQmzMFds"",0.65,0.87,0,-4.197,1,0.0371,0.0012,0,0.0965,0.677,122.014,180507,4,2012,""High Energic"""
"324,""5ErYY5A5bYUJ7agTZefZUS"",0.662,0.638,6,-5.707,1,0.0242,0.179,0,0.146,0.724,98.028,182080,4,2012,""Low Enerjic"""
"325,""5l5De3QspY02Z1G01syGx7"",0.558,0.845,6,-3.743,1,0.0781,0.762,0,0.0956,0.502,107.9,176840,4,2012,""Energic"""
"326,""0Ofy5R5aKvEXD93wKIe58a"",0.685,0.826,2,-5.545,0,0.0484,0.0465,0.0051,0.352,0.79,126.99,178613,4,2012,""Energic"""
"327,""3YUdekW4l65U0MtL1JyjKt"",0.323,0.529,5,-6.266,0,0.0294,0.291,0,0.102,0.132,131.892,185173,4,2012,""Low Enerjic"""
"328,""4HBDjTjAQTt7LFrgVTjlFx"",0.391,0.987,4,-4.327,1,0.0899,0.00033,0,0.0874,0.181,159.932,180173,4,2012,""High Energic"""
"329,""2n5583aB6nYj3OLzRRhx7Q"",0.731,0.947,8,-3.917,0,0.0657,0.409,2.21e-05,0.0928,0.901,106.389,180187,4,2012,""High Energic"""
"330,""6nA43LwkBmljzdIs1GKZ8x"",0.325,0.702,0,-3.557,1,0.0327,0.0238,2.72e-06,0.36,0.239,172.041,181577,4,2011,""Low Enerjic"""
"331,""6yrCcmE0CiQr0tc4pVy4Rw"",0.49,0.452,0,-6.835,1,0.0343,0.719,0.00073,0.227,0.372,143.648,212094,4,2011,""Low Enerjic"""
"332,""1InDX4MkJT1lnaliydPYWz"",0.535,0.966,9,-3.762,1,0.106,0.000559,0,0.0999,0.484,125.047,180080,4,2011,""High Energic"""
"333,""60w4OUxN2PmTnlrgk4aRBX"",0.529,0.648,6,-8.2,0,0.029,0.451,0,0.0364,0.386,84.111,177093,4,2011,""Low Enerjic"""
"334,""4gDQktCvIfPqo18AdHmkR4"",0.625,0.867,8,-4.562,1,0.0866,0.0109,0,0.335,0.502,138.015,175000,4,2011,""High Energic"""
"335,""7i0oF2AUXzpoLeMQEFkdcd"",0.496,0.668,7,-6.276,1,0.0293,0.157,0,0.102,0.408,146.929,181774,4,2011,""Low Enerjic"""
"336,""3cxGXhJjZ1tzLUfuGEU8h3"",0.491,0.509,2,-8.374,1,0.0295,0.173,5e-06,0.301,0.183,72.964,182200,4,2011,""Low Enerjic"""
"337,""0oFqI08qngRXPwkx6Dfujt"",0.763,0.923,7,-5.884,1,0.0272,0.0101,6.45e-06,0.332,0.955,123.604,179987,4,2011,""High Energic"""
"338,""7JfpfeJhX4ZE7RAzEp1iXU"",0.757,0.648,0,-8.17,1,0.0604,0.00329,0,0.107,0.541,122.953,187317,4,2011,""Low Enerjic"""
"339,""2y0NFhe1I9RZz7eAKoMUiR"",0.725,0.926,5,-4.665,0,0.12,0.00493,0,0.323,0.551,129.047,183967,4,2011,""High Energic"""
"340,""1b0OoO5FpkccsaIxFuNJO4"",0.761,0.398,9,-6.472,1,0.0375,0.251,0,0.0976,0.652,127.919,168949,4,2011,""Low Enerjic"""
"341,""4IaAT2HEHbaBoyfIF5gZSM"",0.657,0.834,10,-4.45,0,0.0341,0.268,0.000156,0.252,0.375,127.992,169880,4,2011,""Energic"""
"342,""5ohtktzfii4UNMs44NKhiW"",0.728,0.884,8,-3.346,0,0.0509,0.47,0,0.0949,0.653,99.067,187106,4,2011,""High Energic"""
"343,""6w44eqrgNiCQqPNwGaTSSJ"",0.506,0.466,7,-5.01,1,0.0382,0.213,0,0.0953,0.0981,122.785,179819,4,2011,""Low Enerjic"""
"344,""1iSpYnxIYAg8gL7IXVqocP"",0.645,0.674,0,-6.939,0,0.401,0.622,0,0.2,0.667,176.116,178013,4,2011,""Low Enerjic"""
"345,""42JJyO1ZBaA0qL6M5gZhxg"",0.803,0.279,5,-10.879,0,0.0496,0.51,0.271,0.0996,0.0933,160.014,203733,3,2011,""Low Enerjic"""
"346,""4rvFyA7h88s8DehCOjqW9K"",0.805,0.89,3,-3.653,0,0.0539,0.118,0,0.1,0.749,130.014,192993,4,2011,""High Energic"""
"347,""3c6DsCy8m1x4Rj9MuDUzk8"",0.696,0.77,2,-5.352,1,0.0493,0.38,0,0.0754,0.824,98.934,173547,4,2011,""Energic"""
"348,""1eGfYqCI1IDqErWMnlDJiu"",0.305,0.747,10,-3.739,0,0.0456,0.788,0.0884,0.118,0.274,127.773,175547,4,2011,""Low Enerjic"""
"349,""1pWm08q3oWv09VmRfLeGbV"",0.629,0.862,8,-5.142,0,0.0403,0.00289,4.96e-05,0.251,0.396,115.998,245449,4,2011,""Energic"""
"350,""0pWgTz7pBV4aQ7tjd2suxo"",0.56,0.869,5,-4.232,0,0.0522,0.0381,0,0.0628,0.421,133.945,183093,4,2011,""High Energic"""
"351,""4p4mw9aWCgs6pPGOPFa054"",0.55,0.892,6,-6.448,1,0.119,0.0118,0,0.0653,0.602,127.984,181267,4,2011,""High Energic"""
"352,""38raakRCgwIOKwrVxItqJf"",0.496,0.901,4,-3.584,0,0.0944,0.00485,2.22e-05,0.221,0.163,127.057,180744,4,2011,""High Energic"""
"353,""6aGXOEzfF3VZQgBECm63MX"",0.63,0.724,2,-5.827,1,0.0362,0.334,0,0.178,0.805,91.948,182161,4,2011,""Low Enerjic"""
"354,""72MZPRKW5YrgNd3ukqhU2t"",0.627,0.791,10,-4.314,1,0.0483,0.00989,0,0.0888,0.613,125.08,184693,4,2011,""Energic"""
"355,""5bKbuYEBKHd3TOuOY2c76f"",0.74,0.888,4,-3.857,0,0.0613,0.0073,0.0037,0.104,0.805,148.032,229747,4,2011,""High Energic"""
"356,""3jUmg6CcfuBE0WDFmyPfnH"",0.695,0.901,9,-3.267,0,0.0828,0.0565,0,0.0741,0.305,136.933,179213,4,2011,""High Energic"""
"357,""4VMKl6w9MCbe6uRW9RQ3QT"",0.476,0.83,0,-5.593,1,0.0294,0.00952,0,0.325,0.569,97.027,179412,4,2011,""Energic"""
"358,""18JxAvZNiJ8387A3As20mg"",0.281,0.812,5,-2.714,0,0.0416,0.0845,3.53e-05,0.114,0.315,176.262,181987,4,2011,""Energic"""
"359,""4UoNS2vKACEFaYEDwtxVU3"",0.496,0.756,9,-3.304,1,0.0289,0.408,0,0.0724,0.342,86.99,182533,4,2011,""Low Enerjic"""
"360,""2Zqr0vZrh8KlCISBCCNYAA"",0.441,0.56,5,-6.135,1,0.0284,0.138,0,0.122,0.435,75.617,182960,4,2011,""Low Enerjic"""
"361,""68852t5sKz5d1LoCMv7SGD"",0.345,0.719,0,-3.584,1,0.0329,0.0306,1.2e-06,0.354,0.218,171.624,180707,4,2011,""Low Enerjic"""
"362,""53IjEVWjrFoacmvB9egCcV"",0.496,0.756,9,-3.304,1,0.0289,0.408,0,0.0724,0.342,86.99,182533,4,2011,""Low Enerjic"""
"363,""6V3OVnS8A0P2I7j5e7YRBb"",0.68,0.857,11,-4.591,0,0.238,0.204,0,0.0414,0.924,94.928,175507,4,2010,""Energic"""
"364,""19BkfCQ8jcAlb33zf7jzVa"",0.557,0.681,9,-7.065,0,0.0266,0.0121,2.88e-05,0.138,0.415,111.955,228310,4,2010,""Low Enerjic"""
"365,""76DKT6L6Ut4mN15dfrHCo8"",0.66,0.822,7,-2.683,1,0.0409,0.0209,6.08e-06,0.0558,0.962,122.054,182951,4,2010,""Energic"""
"366,""2wgVbKrFf3kf81FFuv53WP"",0.519,0.774,6,-5.254,1,0.0264,0.0477,1.1e-05,0.185,0.52,95.021,181293,4,2010,""Energic"""
"367,""38hIyhovrQzznCiNjnG5LI"",0.468,0.657,6,-4.338,1,0.0295,0.00957,1.03e-05,0.0776,0.228,147.965,222493,3,2010,""Low Enerjic"""
"368,""2NN9Tsj56bSWq2cAklqsPB"",0.471,0.345,9,-8.373,1,0.0334,0.625,0,0.144,0.418,128.695,180940,4,2010,""Low Enerjic"""
"369,""06bUBaq3PKtjc6DvHN6uiX"",0.66,0.931,3,-3.038,0,0.0764,0.0103,0,0.181,0.362,129.981,177539,4,2010,""High Energic"""
"370,""1xSl7uE9De7aLDEGXahCJB"",0.642,0.934,11,-4.706,1,0.06,0.00208,1.08e-06,0.0612,0.721,129.024,172746,4,2010,""High Energic"""
"371,""7CJ8kE34MpQpL8jZUazdPt"",0.634,0.407,4,-6.469,0,0.0397,0.718,1.02e-06,0.138,0.118,119.929,180088,4,2010,""Low Enerjic"""
"372,""7eaJq7QMiWnVCIpqeQsZRn"",0.391,0.512,8,-6.321,0,0.0301,0.601,0,0.194,0.2,114.807,189613,4,2010,""Low Enerjic"""
"373,""4X2DjLtq0XEj4ukogWZCAv"",0.455,0.493,2,-6.698,1,0.0303,0.165,0,0.313,0.173,125.816,245828,4,2010,""Low Enerjic"""
"374,""48rIGviK0uiZKmXV6QifbE"",0.529,0.878,3,-4.328,0,0.0668,0.0343,2.64e-06,0.172,0.285,132.033,180001,4,2010,""High Energic"""
"375,""6LU0IG1OaHXpBKyb1WDczf"",0.754,0.85,1,-5.794,1,0.0667,0.112,2.53e-06,0.307,0.541,121.035,182067,4,2010,""Energic"""
"376,""4TNq9oD4rENIf10uzKLVfS"",0.372,0.618,2,-5.069,0,0.083,0.725,0,0.27,0.709,176.714,179907,3,2010,""Low Enerjic"""
"377,""46tMU6e3Wu4694Mcjl34eO"",0.734,0.791,1,-6.39,1,0.0433,0.158,0,0.337,0.716,137.013,183697,4,2010,""Energic"""
"378,""6goCLerItGxMQ5kWGVxclD"",0.283,0.242,9,-5.376,1,0.0328,0.826,2.67e-05,0.134,0.22,132.833,185547,4,2010,""Low Enerjic"""
"379,""58N5G89W3yFSqZytItT1Ah"",0.547,0.556,0,-9.077,1,0.0309,0.201,0,0.143,0.48,152.014,175750,4,2010,""Low Enerjic"""
"380,""6FpkouqvLow7y6yyFeHVZm"",0.394,0.265,0,-14.065,1,0.0325,0.338,0,0.111,0.16,129.697,179373,4,2010,""Low Enerjic"""
"381,""4fnqZBZtIl2xNPrpP8Fix2"",0.486,0.68,0,-4.305,0,0.0336,0.245,0,0.268,0.384,82.911,180947,4,2010,""Low Enerjic"""
"382,""012d7d7oRmXrqrZWtHakom"",0.695,0.91,10,-4.778,0,0.0548,0.118,5.97e-06,0.236,0.478,119.985,183147,4,2010,""High Energic"""
"383,""55Dg7jUoRqwoy6X6cV2ft1"",0.493,0.643,3,-5.193,0,0.0365,0.385,0,0.149,0.492,76.031,182747,4,2010,""Low Enerjic"""
"384,""2Jd27yo14CFCzLlvROqm6a"",0.832,0.76,9,-6.558,1,0.0491,0.0328,0,0.183,0.932,133.962,159653,4,2010,""Low Enerjic"""
"385,""1QrgOgNByC3oJnzI7dn8sG"",0.593,0.631,9,-6.929,0,0.037,0.694,0,0.171,0.557,103.052,176400,4,2010,""Low Enerjic"""
"386,""3aUtmu4VTqAFkk4sFQ5kNa"",0.644,0.624,7,-4.293,0,0.0294,0.056,0,0.191,0.451,77.955,179453,4,2010,""Low Enerjic"""
"387,""2HA2PUkzpBqDbrqzNkcoMG"",0.444,0.669,6,-5.488,1,0.034,0.142,0,0.124,0.31,137.981,182867,4,2010,""Low Enerjic"""
"388,""4ZLY9UkZB9es1CFUvJSojY"",0.473,0.837,9,-5.327,0,0.0802,0.709,0,0.0904,0.59,115.212,188533,4,2010,""Energic"""
"389,""4xufzAdw6ChXXzMWsVDz8X"",0.596,0.915,4,-2.748,1,0.0663,0.308,0,0.0564,0.768,162.071,178158,4,2010,""High Energic"""
"390,""2AJ89Ieowi1Ph4LDPYz786"",0.351,0.712,7,-6.028,0,0.0453,0.17,8.32e-06,0.114,0.38,159.991,182397,4,2010,""Low Enerjic"""
"391,""37lYrZzmbRiEySPGkiGjXA"",0.573,0.785,2,-5.362,0,0.0293,0.619,3.69e-05,0.278,0.688,108.003,182600,4,2009,""Energic"""
"392,""0WVmw3JD2FMQClBH9ZZGbf"",0.473,0.566,0,-7.023,0,0.0278,0.35,0,0.0697,0.226,84,197253,4,2009,""Low Enerjic"""
"393,""4xMRFkFYufAuTEKR0YMN3Z"",0.652,0.953,3,-2.417,0,0.0521,0.104,9.04e-06,0.0631,0.706,108.462,174627,4,2009,""High Energic"""
"394,""3Gp3YziRNAbiCDzGV5E6Xm"",0.752,0.958,5,-3.857,1,0.0572,0.139,3.77e-05,0.134,0.851,115.024,181401,4,2009,""High Energic"""
"395,""0q1PTDRFl64tIskcoIs2EO"",0.303,0.537,4,-6.032,1,0.0371,0.573,0,0.108,0.145,99.481,197440,4,2009,""Low Enerjic"""
"396,""6IiZBBFqyyK3CLo9BqmmAH"",0.687,0.716,5,-5.997,0,0.0447,0.0318,0,0.329,0.642,123.905,179995,4,2009,""Low Enerjic"""
"397,""59qLlrqPcKHmpjSVidZMgQ"",0.649,0.923,6,-4.718,0,0.0656,0.0362,0,0.155,0.651,127.953,177563,4,2009,""High Energic"""
"398,""1ek6uvfKjBGQYM7LVi7OTp"",0.322,0.536,7,-6.358,0,0.0486,0.67,0,0.438,0.205,185.923,180634,3,2009,""Low Enerjic"""
"399,""2moFppE0ZWxwC4imuXjAlT"",0.488,0.911,7,-3.428,1,0.0473,0.0066,0,0.135,0.378,119.992,229747,4,2009,""High Energic"""
"400,""72pPz0QL8HncjUkgFJguHb"",0.522,0.778,6,-3.523,0,0.0388,0.438,2.38e-06,0.107,0.385,152.214,186253,4,2009,""Energic"""
"401,""5Ed1V8y02vO1VU2eTOPdyl"",0.612,0.925,6,-3.517,0,0.0644,0.00841,0,0.681,0.845,124.793,180557,4,2009,""High Energic"""
"402,""0LUwe0PKdjLtAoq4uRIGzT"",0.624,0.889,10,-4.482,0,0.212,0.107,0,0.205,0.561,135.996,183600,4,2009,""High Energic"""
"403,""7zGgJDpbl09ye2HsHw1IED"",0.452,0.911,2,-4.859,0,0.0374,0.0138,0.0305,0.248,0.33,117.959,201307,4,2009,""High Energic"""
"404,""0jVxMrJ48JrTcf4RdYy9h1"",0.78,0.864,4,-3.667,0,0.0806,0.356,0,0.353,0.758,115.023,181973,4,2009,""High Energic"""
"405,""68SOVSRAH8Qf85hwQrlb9R"",0.567,0.425,6,-6.449,1,0.0272,0.424,0,0.0594,0.338,102.05,181960,4,2009,""Low Enerjic"""
"406,""6hTgPIAymRVT7Bmvd1o4ls"",0.662,0.801,4,-4.756,0,0.0692,0.0801,2.79e-06,0.0967,0.503,127.954,253979,4,2009,""Energic"""
"407,""0AdCDSKdj8pRAZZ3FqHmHH"",0.658,0.844,6,-4.604,0,0.0548,0.0604,0,0.0916,0.748,126.004,179347,4,2009,""Energic"""
"408,""7ffiVWrY1ZLIQ733du5aud"",0.593,0.969,7,-4.641,1,0.0693,0.01,0.0178,0.203,0.827,137.97,178000,4,2009,""High Energic"""
"409,""6M8nlXniw9MEh7uqlAMe8e"",0.477,0.439,1,-6.815,1,0.0333,0.618,0,0.0738,0.139,123.205,182600,4,2009,""Low Enerjic"""
"410,""0fZN4NGdjRalo2fucp6bSq"",0.602,0.771,1,-4.984,1,0.0243,0.264,0,0.0821,0.711,105.959,179773,4,2009,""Energic"""
"411,""3pVzMndOJpKfQEJkzXi43a"",0.795,0.838,10,-6.972,0,0.464,0.196,2.91e-06,0.235,0.687,154.161,164933,4,2009,""Energic"""
"412,""17vqynqmrf9D9Js4XVQLrQ"",0.585,0.694,1,-4.103,0,0.0312,0.555,9.63e-05,0.0771,0.427,116.104,182093,4,2009,""Low Enerjic"""
"413,""1iqlGvWyLTVwoRWLZL9YGu"",0.493,0.906,4,-4.854,0,0.0714,0.00909,0.00117,0.0905,0.443,130.005,175636,4,2009,""High Energic"""
"414,""3LDK4pY6mDkO6sgUnc6TZL"",0.657,0.956,8,-3.847,1,0.101,0.001,0,0.0827,0.81,125.1,237373,4,2009,""High Energic"""
"415,""53fkk9N9mbjSSiUfW3hwEo"",0.361,0.872,5,-1.989,1,0.0828,0.018,1.32e-06,0.309,0.441,169.565,179253,4,2009,""High Energic"""
"416,""1YzeRa2GCiyGuXa1NhNYuX"",0.518,0.975,8,-5.063,1,0.157,0.0434,0,0.959,0.264,131.98,181373,4,2009,""High Energic"""
"417,""15zGL45A30gx6ufCNl6jwI"",0.451,0.686,6,-3.819,1,0.0296,0.307,0,0.551,0.262,143.788,180000,4,2009,""Low Enerjic"""
"418,""0tUCbArcV1LIbXSEye6uys"",0.589,0.614,7,-6.346,1,0.0398,0.36,0,0.113,0.413,96.997,253333,4,2009,""Low Enerjic"""
"419,""0k6gCBPphdSYS18HdNFW3h"",0.498,0.702,7,-4.747,1,0.0278,0.336,0,0.118,0.328,95.293,183000,4,2009,""Low Enerjic"""
"420,""7Kz4f9CgtAfbmPBMX5q2ZV"",0.525,0.655,10,-3.55,1,0.0386,0.355,1.87e-05,0.21,0.455,128.042,177013,4,2009,""Low Enerjic"""
"421,""4JhfwIE45890EXAyEbpRPj"",0.768,0.402,2,-15.591,1,0.0514,0.068,0.000723,0.0973,0.924,132.976,177933,4,2009,""Low Enerjic"""
"422,""32e6HtEtm1N8MEcvV4Mq6k"",0.717,0.855,5,-4.474,1,0.0302,0.0215,0.00024,0.0466,0.633,130.091,179973,4,2009,""Energic"""
"423,""0MEUQiDQsKUpwvgSeyotSI"",0.347,0.585,9,-7.864,0,0.0377,0.668,4.58e-05,0.0912,0.402,205.409,184467,3,2009,""Low Enerjic"""
"424,""4MVp4IDTbDKmErZOf9sVLA"",0.621,0.918,9,-2.697,1,0.0314,0.00789,0.00485,0.333,0.399,132.019,184893,4,2009,""High Energic"""
"425,""74GKl02NO20G4kfan0r1cr"",0.406,0.744,1,-3.206,0,0.0339,0.412,0,0.312,0.55,183.902,185933,4,2008,""Low Enerjic"""
"426,""3ZgDHgzfeQNVw8kucAYWnj"",0.499,0.962,10,-6.127,0,0.363,0.0211,0,0.385,0.292,137.858,179320,4,2008,""High Energic"""
"427,""77GONOsb3Fg7uaLWttx55j"",0.779,0.794,1,-5.035,1,0.0421,0.267,1.48e-05,0.128,0.944,110.979,182544,4,2008,""Energic"""
"428,""55XpXSN77QyoudQmlg8j8q"",0.619,0.893,8,-4.336,0,0.0361,0.00193,0,0.085,0.908,126.982,175667,4,2008,""High Energic"""
"429,""11HGVXkQeb543M75hMBnOM"",0.684,0.796,9,-5.425,0,0.068,6.59e-05,0.0299,0.126,0.379,127.988,214000,4,2008,""Energic"""
"430,""5devjcsxeVnwYQbaYJ2Ewx"",0.706,0.699,6,-12.515,0,0.0512,0.0501,1.07e-06,0.0692,0.753,127.953,178880,4,2008,""Low Enerjic"""
"431,""3FHTWmLkiStTIIaB5So8F1"",0.693,0.804,10,-5.345,1,0.0467,0.24,0.0064,0.0974,0.501,141.947,176160,4,2008,""Energic"""
"432,""30s8YdK8ohOs6hqxlG8iqB"",0.431,0.592,1,-5.826,0,0.0351,0.648,0,0.341,0.286,69.962,184653,3,2008,""Low Enerjic"""
"433,""0wBgH13iJrFVYJxmG9PJA3"",0.421,0.481,9,-5.152,0,0.0327,0.926,5.27e-05,0.126,0.23,122.47,184163,4,2008,""Low Enerjic"""
"434,""6YeKxDr0OIdYT6Sk9UwGc9"",0.529,0.666,11,-7.355,1,0.0297,0.162,1.91e-05,0.112,0.385,140.029,182827,4,2008,""Low Enerjic"""
"435,""2ZVd1DK17UIcj31DjAIgKM"",0.714,0.656,0,-6.561,1,0.124,0.227,0,0.084,0.816,124.08,180587,4,2008,""Low Enerjic"""
"436,""3MRIeQnEUab2sOZMOtRJb9"",0.864,0.847,10,-5.476,0,0.196,0.0077,0.00106,0.0737,0.735,97.009,174533,4,2008,""Energic"""
"437,""4jl55FXBqC4VTxOggSsfhL"",0.69,0.737,9,-4.619,1,0.035,0.00592,0,0.323,0.839,122.997,175920,4,2008,""Low Enerjic"""
"438,""42Abw7EWk0fQcCphuLlBLI"",0.503,0.976,10,-4.465,0,0.3,0.00994,0,0.327,0.33,137.797,182933,4,2008,""High Energic"""
"439,""674mIXeX6ucMlhyLWgzvdP"",0.441,0.737,1,-3.827,0,0.0357,0.437,0,0.355,0.533,183.978,186347,4,2008,""Low Enerjic"""
"440,""4h6XFC9T1diF2FEuS5KZCd"",0.605,0.829,4,-4.748,1,0.0516,0.225,0,0.132,0.213,144.09,183507,4,2008,""Energic"""
"441,""7CmyDh0qXIOzkr8bqERAMP"",0.518,0.558,8,-5.988,1,0.0277,0.739,4.54e-06,0.0875,0.572,95.228,208767,3,2008,""Low Enerjic"""
"442,""0ZaW44W8ATuAgNno2BMBiL"",0.604,0.964,11,-2.373,0,0.0512,0.00169,0.000761,0.122,0.569,140,182027,4,2008,""High Energic"""
"443,""6BnZRwoeNRD345NaZjrg0X"",0.683,0.711,9,-4.955,1,0.035,0.00542,0,0.301,0.854,122.972,173320,4,2008,""Low Enerjic"""
"444,""1Jqx8UAFpeRpKOm5MsRfee"",0.646,0.28,11,-8.884,0,0.0379,0.922,0,0.113,0.735,135.972,154413,4,2008,""Low Enerjic"""
"445,""18lnqLdO2KypPDxZJOscIp"",0.504,0.998,5,-3.116,1,0.149,0.00287,1.64e-06,0.314,0.662,155.079,180000,4,2008,""High Energic"""
"446,""1YIZKhptvTugpAfWjGzjMY"",0.668,0.923,5,-5.187,0,0.0534,0.000325,0.0841,0.318,0.829,130.025,182439,4,2008,""High Energic"""
"447,""0sKY3EVQQRxZfY24zDsgJN"",0.589,0.855,11,-5.386,0,0.03,0.000161,0,0.165,0.714,125.008,182570,4,2008,""Energic"""
"448,""1RLmD2HP8XSyTEqwGbfFjx"",0.744,0.82,6,-10.641,0,0.0511,0.277,0,0.359,0.868,119.994,224293,4,2008,""Energic"""
"449,""4DMBHcOKngWQ55YXXOtZKn"",0.755,0.651,8,-5.215,1,0.0405,0.0526,0.00011,0.106,0.344,122.902,198000,4,2008,""Low Enerjic"""
"450,""4PjWlMvh4iP1BzdBDgYo8m"",0.86,0.865,10,-5.427,0,0.179,0.0151,8.77e-05,0.0587,0.838,96.985,173720,4,2008,""High Energic"""
"451,""1I6q95kivFbd4sTMehIJa8"",0.612,0.978,9,-3.592,0,0.336,0.0675,0,0.301,0.38,135.089,175987,4,2008,""High Energic"""
"452,""5VZ8qxqcj7uEJ9EF7eP7sn"",0.42,0.624,2,-5.749,1,0.0507,0.767,1.41e-06,0.148,0.31,74.33,183267,4,2008,""Low Enerjic"""
"453,""0NCI3TPk5pE9VtBhoy69j4"",0.492,0.558,10,-5.866,0,0.0272,0.0191,2.57e-06,0.0834,0.215,72.289,234707,4,2008,""Low Enerjic"""
"454,""6KQ6SURDIXeEHqvePvxRKA"",0.468,0.933,4,-2.642,0,0.0538,0.0107,4.77e-06,0.29,0.576,75.468,182893,4,2008,""High Energic"""
"455,""3TNmEyHduTMD2iG5szVBFA"",0.552,0.728,0,-6.765,0,0.0474,0.0485,0,0.231,0.3,133.772,201521,4,2008,""Low Enerjic"""
"456,""1Zu1blVWpnt5Gx9r5byBIE"",0.332,0.527,2,-6.788,0,0.0452,0.714,0,0.249,0.367,77.312,182640,4,2007,""Low Enerjic"""
"457,""47WBIz3j4GI7qYHVuMRHVT"",0.631,0.975,11,-3.771,0,0.179,0.048,3.95e-06,0.363,0.806,147.061,179630,4,2007,""High Energic"""
"458,""3qZPi3ikzBtPt2gQuLGbmT"",0.793,0.787,10,-7.083,0,0.0919,0.00635,0,0.0429,0.905,108.023,184816,4,2007,""Energic"""
"459,""1f0EvqqAmtxAASZpXUQ2vx"",0.534,0.843,11,-5.505,0,0.0484,0.00155,2.31e-06,0.0495,0.944,172.088,180613,4,2007,""Energic"""
"460,""0MnEMgc0QNteB3ExmvJDZJ"",0.558,0.84,4,-5.328,0,0.0563,0.00192,1.93e-05,0.0583,0.903,171.975,180067,4,2007,""Energic"""
"461,""2MGXtZPtInVic9SSK2TLl0"",0.514,0.909,7,-5.811,0,0.0445,0.00324,0,0.335,0.546,99.958,185800,4,2007,""High Energic"""
"462,""0asjC8T8CQhWn7KFzw6Zz1"",0.646,0.878,6,-5.918,1,0.0427,0.0146,0.802,0.111,0.496,136.976,186320,4,2007,""High Energic"""
"463,""6MAsDFTzvqiRJaVRVUEAbG"",0.594,0.921,1,-9.001,1,0.045,0.0177,0.83,0.368,0.487,137.009,453772,4,2007,""High Energic"""
"464,""12BlXWm1wYQT8IxaTYy73t"",0.483,0.614,10,-4.955,1,0.034,0.686,0,0.143,0.299,117.843,177653,3,2007,""Low Enerjic"""
"465,""5nFsmZWcaORAINqwQUbzCo"",0.585,0.623,9,-4.329,1,0.0456,0.122,0,0.094,0.527,133.728,179280,4,2007,""Low Enerjic"""
"466,""0GTEKTDIeAQ6b1yrnrtPzR"",0.657,0.846,1,-4.332,0,0.0285,0.0281,0,0.117,0.803,133.995,175173,4,2007,""Energic"""
"467,""7wBrE6nWwhwtR7h4lvhCoj"",0.21,0.83,9,-6.412,1,0.0646,0.000612,2.91e-05,0.411,0.414,70.791,180976,4,2007,""Energic"""
"468,""7aRCxdD8NhcUk5TpW3IoQG"",0.523,0.894,0,-6.506,1,0.11,0.0848,0,0.264,0.791,167.03,163107,4,2007,""High Energic"""
"469,""6UFFiCbEkd5p2XULVLOSVQ"",0.575,0.922,8,-4.044,1,0.197,0.0188,0,0.0664,0.367,137.986,184547,4,2007,""High Energic"""
"470,""0HRdukNlEqlaLBvKUmvGcS"",0.58,0.944,11,-5.133,0,0.0723,0.0363,0,0.304,0.688,125.032,182347,4,2007,""High Energic"""
"471,""49rV8zHYw8y0bwQHYZK0Ic"",0.569,0.913,4,-4.358,1,0.0425,0.00385,0,0.268,0.391,137.974,181453,4,2007,""High Energic"""
"472,""65fHwJQt1my8eC5xAXk3R7"",0.636,0.72,5,-6.388,0,0.0318,0.187,0,0.27,0.402,134.063,179213,4,2007,""Low Enerjic"""
"473,""5UpETFvkAOLHzJdb5kQXh8"",0.237,0.851,7,-4.049,0,0.0476,0.0591,1.63e-06,0.181,0.337,171.776,182533,4,2007,""Energic"""
"474,""1eHcKXE7XiZRLald0QvCmZ"",0.354,0.928,4,-4.268,1,0.0749,0.0346,0,0.123,0.613,199.913,178973,4,2007,""High Energic"""
"475,""4mmkyv6v7KYFA8aGNQAI7m"",0.511,0.966,7,-4.079,0,0.0897,0.00281,1.62e-06,0.0789,0.381,137.962,182460,4,2007,""High Energic"""
"476,""4vxn2p4GbiFhnVsIASACrf"",0.622,0.931,9,-3.412,0,0.0485,0.168,0,0.301,0.455,128.006,184733,4,2007,""High Energic"""
"477,""3o0JQewncE9oVQwkU4mkIj"",0.57,0.934,8,-3.911,1,0.207,0.0178,0,0.2,0.456,137.981,184573,4,2007,""High Energic"""
"478,""3c1aRqR4Rm5xcNiZvNCvkY"",0.627,0.895,0,-2.794,1,0.0421,0.0474,0,0.0855,0.546,129.898,174427,4,2007,""High Energic"""
"479,""31Kn0Dxpw71EvOgDFFpk57"",0.423,0.669,4,-7.886,0,0.146,0.494,0,0.0795,0.772,145.692,181280,4,2007,""Low Enerjic"""
"480,""0Kd8LZOl5NH5ZBYMhuVM1P"",0.595,0.669,0,-7.043,0,0.0308,0.264,0,0.0961,0.679,166.949,181800,4,2007,""Low Enerjic"""
"481,""74G1N0XIQzdKF1xtO4vcDR"",0.683,0.842,0,-3.482,1,0.27,0.0143,0,0.238,0.733,129.837,180707,4,2007,""Energic"""
"482,""0ZZWI0lwNsey0OLbDtoiqV"",0.48,0.909,4,-4.576,0,0.192,0.12,0,0.536,0.841,163.891,181347,4,2007,""High Energic"""
"483,""1t2zJs2ukKjrVNGQgot9bk"",0.558,0.833,9,-5.217,1,0.0605,0.00185,1.68e-06,0.05,0.942,172.069,180387,4,2007,""Energic"""
"484,""1AaWwpHkPTMkEjkcjLjEMQ"",0.359,0.393,10,-5.899,0,0.0381,0.255,0,0.147,0.28,203.71,179320,3,2007,""Low Enerjic"""
"485,""5TyLmF69awrR61SO4v0NT4"",0.31,0.767,0,-3.067,0,0.0552,0.718,1.32e-06,0.343,0.373,123.925,183760,4,2007,""Energic"""
"486,""0sQBamaf9Hb8XoJ79CfK3S"",0.498,0.881,4,-4.869,0,0.0466,0.055,0,0.159,0.34,103.125,186000,3,2007,""High Energic"""
"487,""7fFnoqfKMCoWAKuK1JXSb6"",0.634,0.756,11,-4.844,0,0.0446,0.176,0,0.126,0.464,126.06,180200,4,2007,""Low Enerjic"""
"488,""7sZTvm0Sx8umbyQViTE2Qc"",0.557,0.947,3,-3.733,1,0.0528,0.000232,0.0503,0.134,0.559,123.028,247200,4,2006,""High Energic"""
"489,""7pkzUWWgarIGK66wBZTokd"",0.486,0.928,7,-4.794,0,0.118,0.241,0,0.349,0.507,170.116,180253,4,2006,""High Energic"""
"490,""2IhRHsc34mqtCJzwLw8cTZ"",0.366,0.469,6,-8.001,0,0.0407,0.872,0.000142,0.0623,0.303,181.724,183640,4,2006,""Low Enerjic"""
"491,""45uG6558zFimPMV5sZyuRn"",0.669,0.915,9,-5.865,1,0.0313,0.182,0,0.146,0.573,130.028,180934,4,2006,""High Energic"""
"492,""0xbKPlQThQRBzxp7LTw3Th"",0.533,0.95,6,-2.81,1,0.0445,0.000997,7.31e-06,0.0373,0.537,131.032,180613,4,2006,""High Energic"""
"493,""41Dth3R5Bv4zODdNZ2VYlU"",0.579,0.832,8,-4.625,0,0.0671,0.0255,0,0.62,0.532,135.059,181227,4,2006,""Energic"""
"494,""38aIDp8cqck2XRQH6bnuni"",0.359,0.515,7,-7.764,0,0.0393,0.347,0.000682,0.101,0.162,172.235,217680,4,2006,""Low Enerjic"""
"495,""6U9SvfaYNJrToIQ2QnRoCB"",0.344,0.513,6,-6.629,1,0.0365,0.259,0,0.278,0.407,176.674,180726,4,2006,""Low Enerjic"""
"496,""0BjyWJKeBbcWiuiNk8t7gP"",0.74,0.862,4,-4.951,0,0.0671,0.203,1.68e-06,0.235,0.776,106.045,176000,4,2006,""Energic"""
"497,""0b0KqzQvtsokr4AZACY3km"",0.656,0.854,2,-5.596,1,0.0276,0.284,1.19e-06,0.214,0.733,120.976,180680,4,2006,""Energic"""
"498,""4aRtQzx1XSfFc40dr2rahR"",0.712,0.855,9,-4.448,1,0.064,0.163,0,0.467,0.742,90.03,181307,4,2006,""Energic"""
"499,""6SGPXzl8fqo7k5kJvK24nA"",0.471,0.812,9,-4.427,1,0.038,0.00137,4.1e-06,0.322,0.876,158.011,180227,4,2006,""Energic"""
"500,""35Jc5YvtIxz13zokxpWohd"",0.596,0.952,3,-3.539,1,0.0392,0.000793,0.00977,0.374,0.784,122.984,181120,4,2006,""High Energic"""
"501,""7g0JDtXaOMp367lXGdcm8I"",0.377,0.748,3,-1.876,0,0.0569,0.592,0.000675,0.0781,0.714,199.601,181653,3,2006,""Low Enerjic"""
"502,""2M3cTJWu7SjsA4Uql758cW"",0.739,0.708,1,-5.965,1,0.0805,0.0248,0,0.0636,0.655,130.005,149467,4,2006,""Low Enerjic"""
"503,""5ouxQCWQFB8997anHi0iHL"",0.752,0.83,9,-4.083,1,0.1,0.133,0,0.0813,0.833,100.016,180493,4,2006,""Energic"""
"504,""1Wworabub1D1SV5FDffWV5"",0.531,0.972,10,-4.256,1,0.0726,0.069,0,0.229,0.54,135.976,173213,4,2006,""High Energic"""
"505,""4mmkyv6v7KYFA8aGNQAI7m"",0.511,0.966,7,-4.079,0,0.0897,0.00281,1.62e-06,0.0789,0.381,137.962,182460,4,2006,""High Energic"""
"506,""3FfGocxxsqxXW3rPUzCN6i"",0.69,0.928,4,-5.424,0,0.141,0.175,1.96e-06,0.382,0.775,102.95,179760,4,2006,""High Energic"""
"507,""6RIt1anpTUmmhm4sgfhGsI"",0.375,0.504,6,-6.688,1,0.0366,0.228,0,0.208,0.384,176.318,180520,4,2006,""Low Enerjic"""
"508,""1YuXoPqkTQOXpFJtjf5GWd"",0.581,0.836,8,-4.644,0,0.0705,0.0265,0,0.446,0.486,135.054,182000,4,2006,""Energic"""
"509,""1R91wGRG9HMByj9OtfJAct"",0.568,0.863,9,-5.572,0,0.079,0.431,0,0.133,0.504,111.922,190320,4,2006,""Energic"""
"510,""4S7b53XvawjU92SBSTk00J"",0.609,0.916,9,-5.851,1,0.115,0.0617,1.64e-06,0.326,0.761,166.842,181267,4,2006,""High Energic"""
"511,""1TECSsjRPx1JplI5tYeOYZ"",0.519,0.766,9,-5.579,0,0.0424,0.26,0,0.235,0.568,100.012,174480,4,2006,""Energic"""
"512,""77MeY3BqpJiGMJevRVbXyJ"",0.696,0.895,0,-6.18,1,0.0636,0.00101,0.00102,0.206,0.881,127.022,150893,4,2006,""High Energic"""
"513,""3luSsvi9x8if7mkaEBzbSx"",0.313,0.35,7,-7.969,1,0.0312,0.747,0,0.0938,0.326,134.257,178920,4,2006,""Low Enerjic"""
"514,""5WXuKEPsmMApyaR5R9hMC0"",0.631,0.485,0,-8.651,0,0.0353,0.484,0,0.103,0.334,99.964,177827,4,2006,""Low Enerjic"""
"515,""2WjRvhjkJvO6rcD6x6dmEa"",0.644,0.917,7,-5.593,1,0.0901,0.284,0,0.285,0.49,90.02,183440,4,2006,""High Energic"""
"516,""7cDykiXempPoLcBPlemtzh"",0.485,0.449,7,-7.975,1,0.0312,0.142,0,0.124,0.267,139.869,179453,4,2006,""Low Enerjic"""
"517,""4JfQOL4oBDNOsIzO3DIxlf"",0.35,0.713,0,-5.299,1,0.0309,0.349,0,0.12,0.569,89.746,185640,4,2006,""Low Enerjic"""
"518,""12gL6zYMPCjG5jJ9RAUCc5"",0.698,0.357,6,-11.211,0,0.332,0.534,0,0.0912,0.248,80.099,180813,4,2006,""Low Enerjic"""
"519,""3rUVWGOLdqahjesuG87meO"",0.735,0.886,9,-5.956,1,0.0618,0.0494,8.38e-06,0.0543,0.898,119.96,179960,4,2006,""High Energic"""
"520,""6vX3d1JnS64beV10BkIuN9"",0.835,0.734,7,-4.496,1,0.149,0.104,0,0.096,0.535,93.014,178987,4,2006,""Low Enerjic"""
"521,""3zLej3pTZHxko5Cd01CE0v"",0.348,0.671,7,-5.551,0,0.0314,0.328,0.000109,0.178,0.438,172.157,175427,4,2006,""Low Enerjic"""
"522,""0fsGK7AwxpKdVAT8aUWFkq"",0.659,0.854,10,-5.742,1,0.0636,0.0223,0.00175,0.135,0.668,106.017,178853,4,2006,""Energic"""
"523,""1qLjpkomuvewJY6xytGX1e"",0.662,0.849,11,-6.578,1,0.153,0.206,0,0.346,0.831,147.999,178600,4,2006,""Energic"""
"524,""7pkzUWWgarIGK66wBZTokd"",0.486,0.928,7,-4.794,0,0.118,0.241,0,0.349,0.507,170.116,180253,4,2006,""High Energic"""
"525,""37fDrUb13a8BUBB694cjn5"",0.769,0.756,6,-7.124,0,0.0373,0.0725,0,0.173,0.833,130.04,181307,4,2006,""Low Enerjic"""
"526,""1A1xn3QcMYTuMLRrewXBnD"",0.804,0.841,4,-3.801,0,0.177,0.0686,0,0.0675,0.82,129.993,175040,4,2006,""Energic"""
"527,""1eHcKXE7XiZRLald0QvCmZ"",0.354,0.928,4,-4.268,1,0.0749,0.0346,0,0.123,0.613,199.913,178973,4,2006,""High Energic"""
"528,""5E3hhyQOgGk4ubKet5ZmYO"",0.517,0.72,9,-6.209,0,0.0444,0.194,0.002,0.0702,0.487,141.999,182200,4,2006,""Low Enerjic"""
"529,""5lx726njQX3jViXrHVuMwj"",0.375,0.512,7,-7.79,0,0.0331,0.288,0.00162,0.103,0.212,172.212,217617,4,2006,""Low Enerjic"""
"530,""6LkCvCc9oFoLDv4DLhzTox"",0.775,0.744,6,-5.687,0,0.0366,0.197,7.99e-05,0.0261,0.963,112.993,175067,4,2005,""Low Enerjic"""
"531,""40wvKWTMSq9KDJwV0hntn1"",0.753,0.529,0,-6.122,1,0.0262,0.405,0,0.143,0.392,105,177360,4,2005,""Low Enerjic"""
"532,""2FqqlQoEUll407CoNlIQih"",0.537,0.659,5,-5.716,0,0.0318,0.383,0,0.104,0.477,150.044,181347,4,2005,""Low Enerjic"""
"533,""4rqqHVbVuCJjiR6uyz9izw"",0.396,0.893,2,-4.661,1,0.0591,0.0301,0,0.101,0.967,174.143,183520,4,2005,""High Energic"""
"534,""0zOVfyrwPS7FY7REBQDlvD"",0.619,0.676,2,-6.321,1,0.0542,0.279,0,0.0682,0.425,127.027,182147,4,2005,""Low Enerjic"""
"535,""3mo7Bshd0l134VBaaVgVb3"",0.456,0.806,4,-3.971,0,0.0404,0.0224,0,0.218,0.505,126.082,181493,4,2005,""Energic"""
"536,""4zxDqiBkTsikSLVi07ePRW"",0.498,0.722,0,-5.105,1,0.0666,0.271,0,0.229,0.676,174.219,183800,4,2005,""Low Enerjic"""
"537,""0vJbCYucnvVc32FfSXQDFt"",0.509,0.778,2,-6.213,0,0.0817,0.181,3.38e-05,0.805,0.497,159.872,181551,3,2005,""Energic"""
"538,""2OqXcf9hiYrOZ9XVYgGZu2"",0.666,0.783,9,-6.441,1,0.0408,0.364,7.28e-06,0.0294,0.572,140.097,206840,4,2005,""Energic"""
"539,""0yFmSeN9cftzc9bGC1ETG5"",0.531,0.823,2,-6.362,0,0.0386,6.84e-05,0.000189,0.261,0.39,112.98,199707,4,2005,""Energic"""
"540,""5mCtaaCt7W8q23wYTtGiUs"",0.759,0.781,11,-4.933,1,0.0606,0.112,1.95e-06,0.188,0.617,120.008,190213,4,2005,""Energic"""
"541,""46P3Hgp98JG5t3sszNDaGu"",0.503,0.67,3,-5.771,0,0.0597,0.0165,0,0.361,0.66,149.844,193490,4,2005,""Low Enerjic"""
"542,""2i9sifNgtQ4gF2NbBpPhTy"",0.756,0.913,7,-5.168,1,0.061,0.125,0.00636,0.312,0.857,102.028,173240,4,2005,""High Energic"""
"543,""0wtKPoPtMDA5uBv6B3hsBW"",0.431,0.772,4,-6.484,1,0.0632,0.0824,0,0.106,0.439,155.776,238701,4,2005,""Energic"""
"544,""0rF19Oi6J2kGK7IxSprIx1"",0.769,0.931,1,-5.943,1,0.104,0.0235,0.324,0.349,0.845,125.015,230000,4,2005,""High Energic"""
"545,""3JHiig0n7BYHfgetGexOKm"",0.684,0.961,10,-3.878,0,0.0559,0.0132,0.000194,0.433,0.875,116.038,180280,4,2005,""High Energic"""
"546,""0JRZJwg4lkdlv1CuqGAaFW"",0.563,0.572,3,-6.17,0,0.0246,0.158,0,0.128,0.309,143.932,180320,4,2005,""Low Enerjic"""
"547,""54Dj26oMKU1DL7uKOMILZA"",0.451,0.584,3,-6.256,1,0.0332,0.343,0,0.148,0.287,135.838,166266,4,2005,""Low Enerjic"""
"548,""08QZvR2PoT6ytkkmkgPFdh"",0.663,0.915,2,-7.461,1,0.0625,0.0206,0.000828,0.115,0.922,176.058,170800,4,2005,""High Energic"""
"549,""5ZbT6pB7TvG2BFZ59dRtDs"",0.351,0.445,3,-7.793,1,0.0309,0.464,0,0.149,0.256,79.724,182320,4,2005,""Low Enerjic"""
"550,""5lwx2pOeIjms1DDXJekcTZ"",0.583,0.603,8,-6.037,0,0.0583,0.104,0,0.22,0.366,75.008,182613,4,2005,""Low Enerjic"""
"551,""439X8Ol70ZIvKd0yWu3byx"",0.563,0.614,0,-5.409,1,0.0603,0.537,0,0.2,0.46,147.888,187747,4,2005,""Low Enerjic"""
"552,""5MCrjKjngjvbI83Df6hjkz"",0.622,0.698,7,-17.277,1,0.0565,0.000979,0.445,0.292,0.181,120.014,165040,4,2005,""Low Enerjic"""
"553,""2oSsrTivauS9o3nkauX8v5"",0.795,0.931,7,-4.62,1,0.162,0.349,2.91e-06,0.0521,0.933,180.152,159293,4,2005,""High Energic"""
"554,""2pfOxpgOUDd8GFoqRP2zuz"",0.491,0.737,7,-6.129,1,0.0449,0.307,0,0.0664,0.416,100.024,255973,4,2005,""Low Enerjic"""
"555,""0KmZ3y3mSEc9DqlVdjJWqr"",0.679,0.8,7,-5.481,1,0.0553,0.685,0.000488,0.805,0.94,121.446,180120,4,2005,""Energic"""
"556,""1Lav2Z3RKu71MJLIjQz4dQ"",0.649,0.919,0,-3.778,1,0.0768,0.174,3.64e-06,0.0519,0.684,171.991,183200,4,2004,""High Energic"""
"557,""2Lr5JHxuRoNeDe4OGvs6HM"",0.556,0.841,1,-5.562,0,0.0297,0.374,0.000267,0.36,0.57,101.03,181987,4,2004,""Energic"""
"558,""5RrXg6BoujSLhC4UHYdtm6"",0.722,0.912,11,-5.045,0,0.0437,0.0379,0.00238,0.119,0.581,113.02,181627,4,2004,""High Energic"""
"559,""2aeVGqdsF7WbKZkwhcCeqm"",0.662,0.977,11,-2.934,1,0.0307,0.00306,0.000868,0.101,0.789,127.006,181640,4,2004,""High Energic"""
"560,""2ni9j4w6gP995twbhRBtML"",0.736,0.337,9,-10.172,1,0.0335,0.721,0,0.118,0.522,98.05,180827,4,2004,""Low Enerjic"""
"561,""14Q7wl2755cbjV36G2ByIw"",0.703,0.874,5,-4.251,0,0.0592,0.233,0,0.311,0.666,124.965,185467,4,2004,""High Energic"""
"562,""2wdhxJI8rvKq1VCRZsiEuA"",0.762,0.753,1,-7.71,1,0.0412,0.00209,0.000284,0.0879,0.635,134.019,174960,4,2004,""Low Enerjic"""
"563,""6E3yFf67r2IXQGRSORtVpw"",0.569,0.552,2,-5.445,1,0.0246,0.508,0,0.202,0.334,141.053,186907,4,2004,""Low Enerjic"""
"564,""1B2RXsTj0qe6VI84M9XGaT"",0.64,0.791,0,-5.667,1,0.0374,0.00926,0,0.293,0.578,100.011,174880,4,2004,""Energic"""
"565,""6J5tuBQIenXHMHDIbeVAya"",0.477,0.498,11,-7.952,1,0.0307,0.641,1.28e-06,0.168,0.361,147.988,184960,4,2004,""Low Enerjic"""
"566,""28EIkUG3CBpIRDQh285jKP"",0.496,0.481,0,-10.431,1,0.0277,0.144,0,0.111,0.237,125.944,186133,4,2004,""Low Enerjic"""
"567,""5lhgBlBC6w2dqO1PlrsbKk"",0.706,0.368,7,-11.067,1,0.032,0.292,0,0.201,0.143,124.953,175707,3,2004,""Low Enerjic"""
"568,""1VXPZY06eBMoH1p7l8VoLA"",0.736,0.943,9,-6.649,0,0.13,0.206,0,0.301,0.748,102.005,179061,4,2004,""High Energic"""
"569,""5T7vwco5GTNHA4HRvneoqe"",0.716,0.938,9,-3.202,0,0.0865,0.156,0,0.058,0.731,136.041,183533,1,2004,""High Energic"""
"570,""67M9GPx6rvTO6zjrzVhEzr"",0.525,0.713,1,-8.787,1,0.0282,0.00175,0,0.116,0.315,93.714,185533,4,2004,""Low Enerjic"""
"571,""2cO3XBxaKgOZPsHjB31M1T"",0.721,0.931,9,-3.2,0,0.097,0.16,0,0.127,0.769,136.029,181733,1,2004,""High Energic"""
"572,""32ChLaXKTvGtbSIlkrpnqO"",0.598,0.493,8,-8.755,0,0.0295,0.65,0.000616,0.107,0.494,106.988,184000,4,2004,""Low Enerjic"""
"573,""4aVaQQ0zlVvh5AzdYnAacF"",0.687,0.911,6,-3.366,1,0.0286,0.122,0,0.0615,0.772,131.96,179787,4,2004,""High Energic"""
"574,""13DRVxbZAKSarXkQV2rRoO"",0.69,0.664,1,-5.819,1,0.0461,0.388,0.000646,0.103,0.619,122.994,265087,4,2004,""Low Enerjic"""
"575,""2jOg1fkAoJv56YTsidJNoA"",0.552,0.679,1,-4.928,0,0.0337,0.334,0.00168,0.142,0.364,100.983,184267,4,2004,""Low Enerjic"""
"576,""45OEMWZLAVLG8wx8xM0Das"",0.736,0.943,9,-6.649,0,0.13,0.206,0,0.301,0.748,102.005,179061,4,2004,""High Energic"""
"577,""588wm4NEtOiTHT2N58enQ6"",0.661,0.895,7,-3.779,1,0.0481,0.0347,7.08e-05,0.213,0.711,94.989,167227,4,2003,""High Energic"""
"578,""4bLFbrYVDzDWPzxDZgtyM7"",0.66,0.805,10,-5.432,0,0.0323,0.0211,2.81e-05,0.4,0.613,136.027,182507,4,2003,""Energic"""
"579,""2uRPIoeF7oa42h1t7tgo7I"",0.57,0.91,2,-4.837,1,0.0512,0.0201,0,0.0955,0.578,132.032,182320,4,2003,""High Energic"""
"580,""0ZO6ZOgVzJyZbmauzo5HEK"",0.596,0.837,2,-5.923,1,0.0433,0.115,0,0.171,0.663,103.945,205173,4,2003,""Energic"""
"581,""37nGo7UKGrxVpIuViV9rBK"",0.509,0.855,4,-3.703,1,0.0407,0.0353,0,0.112,0.555,105.045,182040,4,2003,""Energic"""
"582,""3SPlqqbR5783uURm6KbgJe"",0.45,0.394,0,-7.422,1,0.0278,0.0908,0,0.167,0.225,137.487,185533,4,2003,""Low Enerjic"""
"583,""5I8ENb7zzrbYLwhGESY9CF"",0.648,0.837,0,-3.972,1,0.145,0.186,4.12e-06,0.0628,0.745,190.032,156933,4,2003,""Energic"""
"584,""3hXedzb7JJIYiyowOCxwJL"",0.512,0.534,5,-6.332,1,0.0283,0.123,0,0.106,0.333,125.974,217013,4,2003,""Low Enerjic"""
"585,""1WLE7xocaEz5l12K4NXJ7A"",0.81,0.78,3,-3.543,0,0.044,0.491,0,0.0464,0.842,94.999,172387,4,2003,""Energic"""
"586,""7Cf4bpnB164MgYLCPWd88h"",0.703,0.754,11,-7.536,0,0.04,0.00737,4.54e-05,0.347,0.602,130.009,180680,4,2003,""Low Enerjic"""
"587,""3H1LozYrpDih7m50AWDPIr"",0.542,0.679,0,-4.227,1,0.0306,0.0167,0,0.156,0.316,132.017,178467,4,2003,""Low Enerjic"""
"588,""7vN1yJFrOPTQ6rNvxyQnou"",0.546,0.894,4,-3.727,0,0.059,0.529,0,0.338,0.76,167.984,185973,4,2003,""High Energic"""
"589,""51jH4AHWMgDrmvMMIAJ09S"",0.709,0.919,5,-4.403,1,0.066,0.00807,0,0.165,0.832,137.988,179653,4,2003,""High Energic"""
"590,""4TCZdDDnqeFYrskdl0XS1t"",0.654,0.725,4,-5.786,1,0.0396,0.255,0,0.15,0.585,104.959,177240,4,2003,""Low Enerjic"""
"591,""4aVaQQ0zlVvh5AzdYnAacF"",0.687,0.911,6,-3.366,1,0.0286,0.122,0,0.0615,0.772,131.96,179787,4,2003,""High Energic"""
"592,""6dL3zHA0LtVU4R2YKFxTtM"",0.72,0.743,5,-3.684,1,0.0286,0.415,0,0.115,0.491,104.978,183587,4,002""""Low Enerjic"""
"593,""7uSeUTnMWH7CgEyl2rNtMC"",0.695,0.878,6,-4.378,1,0.0307,0.0552,1.53e-05,0.329,0.97,128.013,172667,4,002""""High Energic"""
"594,""70tFqMdkFXCPeirRaLAKKM"",0.669,0.814,7,-6.469,1,0.0496,0.0243,9.29e-05,0.214,0.899,144.043,181023,4,002""""Energic"""
"595,""5HVHf3Spy7jT5tMOqUti4p"",0.71,0.93,3,-5.537,0,0.0487,0.259,0,0.356,0.768,137.966,182307,4,002""""High Energic"""
"596,""7qoxVVsAHR9dk8H3yZdUMk"",0.764,0.841,9,-5.661,1,0.0351,0.0822,2.26e-06,0.385,0.796,134.98,171013,4,002""""Energic"""
"597,""5LdWdlyG5fEfSPORr4Y5Ai"",0.626,0.956,0,-5.267,0,0.0912,0.028,0,0.293,0.829,136.055,184403,4,002""""High Energic"""
"598,""2enzh6VXgVpChs2Z4p3dil"",0.796,0.896,2,-5.563,0,0.0624,0.109,0,0.328,0.875,122.016,179592,4,002""""High Energic"""
"599,""00iGmtURU30HphVmelmF31"",0.674,0.887,2,-4.797,1,0.0411,0.236,0,0.117,0.829,130.085,180400,4,002""""High Energic"""
"600,""5rl1BenQ0OzGwlpeeELANt"",0.305,0.611,0,-4.04,1,0.0314,0.612,0,0.311,0.27,135.078,184000,4,002""""Low Enerjic"""
"601,""4Vu8wdcXr0G0iEmxRuJhUH"",0.792,0.68,2,-8.383,0,0.0503,0.396,0,0.2,0.922,126.092,187066,4,002""""Low Enerjic"""
"602,""5UPDCiTq4ewX0mYRGhH2HF"",0.464,0.416,7,-9.902,1,0.044,0.633,5.57e-06,0.0812,0.259,129.874,241120,4,002""""Low Enerjic"""
"603,""5Wuo6QOB41oIC4qVVteZ4O"",0.574,0.874,2,-6.507,1,0.0416,0.00204,0,0.309,0.76,140.045,182067,3,002""""High Energic"""
"604,""2byZAXWOqDx3w8suK3btui"",0.572,0.95,11,-3.784,0,0.042,0.059,0.000225,0.195,0.798,124.017,177213,4,2001,""High Energic"""
"605,""10p0nLnAzyyVr4YWxaSerl"",0.358,0.471,0,-7.411,1,0.0275,0.655,0,0.173,0.162,94.92,169973,3,2001,""Low Enerjic"""
"606,""61D1m29pzgETo2L1yxvYSH"",0.582,0.965,11,-4.15,0,0.0808,0.00915,0,0.515,0.421,130.015,179787,4,2001,""High Energic"""
"607,""7mx6IZujrnfHLBmqcIOxIe"",0.727,0.859,10,-6.678,1,0.0508,0.0526,0,0.0714,0.554,108.04,181333,4,2001,""Energic"""
"608,""0dIaYiwgjDbEagTfViXBhO"",0.736,0.86,5,-5.939,0,0.0548,0.0224,2.98e-06,0.037,0.409,108.023,181333,4,2001,""Energic"""
"609,""43xnj7HZ8t5dGqbOC3WzVn"",0.601,0.864,1,-2.635,0,0.0383,0.0608,0,0.243,0.561,136.961,187093,4,2001,""High Energic"""
"610,""3G9HeRXCvEmn0KIjnbjWVO"",0.631,0.85,1,-4.689,0,0.0339,0.052,0,0.0942,0.69,136.904,185427,4,2001,""Energic"""
"611,""2TumtigUX7Z0RCiBlFT8YL"",0.682,0.933,9,-5.758,0,0.0809,0.144,0,0.0467,0.611,125.93,176667,4,2001,""High Energic"""
"612,""44MRiCECrwmTehbleV831v"",0.538,0.773,5,-7.029,1,0.143,0.302,0.00208,0.134,0.328,120.053,177880,4,2001,""Energic"""
"613,""2nhY8qimED269sup4XzyaA"",0.646,0.874,9,-6.41,1,0.0489,0.303,0,0.216,0.87,124.017,180465,4,2001,""High Energic"""
"614,""5IM7R4kdvVPUQ2bDhm9Yvp"",0.359,0.689,8,-4.539,1,0.0348,0.608,3.83e-06,0.351,0.309,150.698,179533,4,2001,""Low Enerjic"""
"615,""2ISmtYqAfrIhZIEWWImTjU"",0.484,0.477,9,-6.953,1,0.0284,0.626,0,0.0987,0.107,125.789,184147,4,2001,""Low Enerjic"""
"616,""5rBCrCzSt9kAsvfr3DwCHR"",0.573,0.982,11,-3.627,1,0.103,0.267,9.68e-06,0.296,0.574,137.035,186747,4,2001,""High Energic"""
"617,""02AK9DE6ttEbcFxMOim4YZ"",0.762,0.727,10,-7.329,0,0.065,0.11,0,0.141,0.873,120.002,198800,4,2001,""Low Enerjic"""
"618,""3XJ8YC4wks6m14Jy2p6QNQ"",0.712,0.949,9,-4.987,1,0.19,0.502,0,0.256,0.81,153.017,180533,4,2001,""High Energic"""
"619,""1jtUpwq0JWQGBArtSy0yvw"",0.613,0.829,0,-5.177,1,0.0546,0.23,0,0.097,0.83,90.04,185853,4,2001,""Energic"""
"620,""4v2RaPHSsTvNkggw3RqyeT"",0.745,0.839,2,-5.405,1,0.0532,0.271,1.89e-05,0.0985,0.807,104.023,185067,4,2000,""Energic"""
"621,""33frkbGSt6bbfj2Nqo9i1p"",0.738,0.824,2,-5.238,1,0.0536,0.258,4.23e-05,0.286,0.795,104.032,183493,4,2000,""Energic"""
"622,""6Tf3FCVDL3qDM7IiBjUZh6"",0.651,0.904,1,-4.103,1,0.0383,0.0249,0.000103,0.184,0.966,105.085,178233,4,2000,""High Energic"""
"623,""50bgdbemfrXuwHiYhcQ1HQ"",0.651,0.904,1,-4.103,1,0.0383,0.0249,0.000103,0.184,0.966,105.085,178233,4,2000,""High Energic"""
"624,""4R2tCloerHegAfPWjR3o7d"",0.547,0.84,5,-6.98,1,0.0389,0.0934,6.74e-05,0.16,0.619,135.258,186018,4,2000,""Energic"""
"625,""0RsXDTuwqJPeWOWDX0acHk"",0.553,0.865,5,-6.117,1,0.042,0.0957,3.66e-05,0.158,0.569,135.201,185933,4,2000,""High Energic"""
"626,""40Ql1rH5Tp748yNKXmg4QZ"",0.489,0.841,2,-6.964,1,0.0474,0.00211,0,0.269,0.753,145.452,176147,4,2000,""Energic"""
"627,""27L4okgASeyUAzZ7etleyQ"",0.534,0.85,7,-3.004,0,0.0613,0.0539,1.7e-06,0.278,0.47,122.798,182813,4,2000,""Energic"""
"628,""7jajK2dubhCHqQJqdaQZlh"",0.577,0.607,7,-6.818,1,0.0265,0.338,0,0.168,0.408,114.717,188067,4,2000,""Low Enerjic"""
"629,""4Ngtct85sXmayXB5Ga7CuK"",0.712,0.815,7,-6.28,1,0.0948,0.345,0,0.058,0.524,105.953,182787,4,2000,""Energic"""
"630,""6GViWczPtH2ky3RBYycDhI"",0.656,0.907,11,-3.985,1,0.0299,0.319,0,0.0849,0.926,105,183280,4,2000,""High Energic"""
"631,""4bBImJN8pJkx3axY7ECpUg"",0.693,0.87,8,-9.059,1,0.0277,0.31,0,0.461,0.492,132.06,167813,4,2000,""High Energic"""
"632,""2BMOV8UZtc6Ex04SEXW54j"",0.731,0.931,0,-5.799,1,0.06,0.121,0,0.364,0.917,118.004,211800,4,2000,""High Energic"""
"633,""05iJ0sJX3yiLBvtBFODkC9"",0.449,0.556,4,-8.241,0,0.0395,0.669,0,0.568,0.278,77.547,204373,4,2000,""Low Enerjic"""
"634,""5GFUT8pfrK4umc8KA6cFoL"",0.596,0.692,7,-5.993,0,0.0364,0.028,0.000204,0.292,0.459,158.167,232427,4,2000,""Low Enerjic"""
"635,""2k3Y97ETwFLIeQwWQG0pkC"",0.495,0.841,2,-7.019,1,0.047,0.00174,0,0.1,0.751,145.454,177333,4,2000,""Energic"""